Date,Commodity,NonComm Long,NonComm Short,NonComm Net
2024-04-30,10-Year T-Note,451643,884608,-432965
2024-05-07,10-Year T-Note,455924,937544,-481620
2024-05-14,10-Year T-Note,522351,870162,-347811
2024-05-21,10-Year T-Note,493503,894475,-400972
2024-05-28,10-Year T-Note,498320,886495,-388175
2024-06-04,10-Year T-Note,447213,901968,-454755
2024-06-11,10-Year T-Note,473542,781234,-307692
2024-06-18,10-Year T-Note,418362,785968,-367606
2024-06-25,10-Year T-Note,432627,752471,-319844
2024-07-02,10-Year T-Note,476717,822093,-345376
2024-07-09,10-Year T-Note,510933,928837,-417904
2024-07-16,10-Year T-Note,378531,1016017,-637486
2024-07-23,10-Year T-Note,387445,1029374,-641929
2024-07-30,10-Year T-Note,415036,1143506,-728470
2024-08-06,10-Year T-Note,441721,1217929,-776208
2024-08-13,10-Year T-Note,458121,1318364,-860243
2024-08-20,10-Year T-Note,411629,1449741,-1038112
2024-08-27,10-Year T-Note,421807,1336244,-914437
2024-09-03,10-Year T-Note,430206,1433033,-1002827
2024-09-10,10-Year T-Note,409121,1431226,-1022105
2024-09-17,10-Year T-Note,431039,1525065,-1094026
2024-09-24,10-Year T-Note,467828,1493106,-1025278
2024-10-01,10-Year T-Note,454080,1597969,-1143889
2024-10-08,10-Year T-Note,489605,1449734,-960129
2024-10-15,10-Year T-Note,477930,1342995,-865065
2024-10-22,10-Year T-Note,478831,1327022,-848191
2024-10-29,10-Year T-Note,429078,1330261,-901183
2024-11-05,10-Year T-Note,451405,1269675,-818270
2024-11-12,10-Year T-Note,419160,1234961,-815801
2024-11-19,10-Year T-Note,424509,1332011,-907502
2024-11-26,10-Year T-Note,427617,1354220,-926603
2024-12-03,10-Year T-Note,434911,1326812,-891901
2024-12-10,10-Year T-Note,438538,1314254,-875716
2024-12-17,10-Year T-Note,492529,1225446,-732917
2024-12-24,10-Year T-Note,521369,1112743,-591374
2024-12-31,10-Year T-Note,543132,1196895,-653763
2025-01-07,10-Year T-Note,609821,1282267,-672446
2025-01-14,10-Year T-Note,677811,1245746,-567935
2025-01-21,10-Year T-Note,654181,1234426,-580245
2025-01-28,10-Year T-Note,683437,1384079,-700642
2025-02-04,10-Year T-Note,743405,1451108,-707703
2025-02-11,10-Year T-Note,726203,1477237,-751034
2025-02-18,10-Year T-Note,727934,1437461,-709527
2025-02-25,10-Year T-Note,677868,1377723,-699855
2025-03-04,10-Year T-Note,637490,1349530,-712040
2025-03-11,10-Year T-Note,584993,1322068,-737075
2025-03-18,10-Year T-Note,569934,1451308,-881374
2025-03-25,10-Year T-Note,631125,1441215,-810090
2025-04-01,10-Year T-Note,562258,1425521,-863263
2025-04-08,10-Year T-Note,452496,1530966,-1078470
2025-04-15,10-Year T-Note,474770,1412525,-937755
2025-04-22,10-Year T-Note,495027,1401133,-906106
2025-04-29,10-Year T-Note,496546,1368083,-871537
2024-04-30,2-Year T-Note,487267,1503710,-1016443
2024-05-07,2-Year T-Note,516333,1538566,-1022233
2024-05-14,2-Year T-Note,541411,1506397,-964986
2024-05-21,2-Year T-Note,553930,1547599,-993669
2024-05-28,2-Year T-Note,488475,1468294,-979819
2024-06-04,2-Year T-Note,516364,1551786,-1035422
2024-06-11,2-Year T-Note,561770,1696986,-1135216
2024-06-18,2-Year T-Note,561637,1825226,-1263589
2024-06-25,2-Year T-Note,603469,1864926,-1261457
2024-07-02,2-Year T-Note,629105,1849488,-1220383
2024-07-09,2-Year T-Note,629962,1862277,-1232315
2024-07-16,2-Year T-Note,693099,1878086,-1184987
2024-07-23,2-Year T-Note,701144,1842537,-1141393
2024-07-30,2-Year T-Note,715610,1819282,-1103672
2024-08-06,2-Year T-Note,716311,1821522,-1105211
2024-08-13,2-Year T-Note,708892,1813498,-1104606
2024-08-20,2-Year T-Note,648767,1801347,-1152580
2024-08-27,2-Year T-Note,604289,1633399,-1029110
2024-09-03,2-Year T-Note,614392,1596854,-982462
2024-09-10,2-Year T-Note,666817,1673033,-1006216
2024-09-17,2-Year T-Note,637164,1663584,-1026420
2024-09-24,2-Year T-Note,730128,1776688,-1046560
2024-10-01,2-Year T-Note,692556,1870775,-1178219
2024-10-08,2-Year T-Note,635254,1860290,-1225036
2024-10-15,2-Year T-Note,557715,1899975,-1342260
2024-10-22,2-Year T-Note,579281,1960191,-1380910
2024-10-29,2-Year T-Note,545677,2025038,-1479361
2024-11-05,2-Year T-Note,516573,2002932,-1486359
2024-11-12,2-Year T-Note,551754,1975625,-1423871
2024-11-19,2-Year T-Note,508805,1956149,-1447344
2024-11-26,2-Year T-Note,521890,1756536,-1234646
2024-12-03,2-Year T-Note,506365,1709264,-1202899
2024-12-10,2-Year T-Note,481986,1736910,-1254924
2024-12-17,2-Year T-Note,487339,1746612,-1259273
2024-12-24,2-Year T-Note,511206,1764181,-1252975
2024-12-31,2-Year T-Note,539560,1812170,-1272610
2025-01-07,2-Year T-Note,555668,1748686,-1193018
2025-01-14,2-Year T-Note,570377,1827583,-1257206
2025-01-21,2-Year T-Note,547540,1721917,-1174377
2025-01-28,2-Year T-Note,594596,1796155,-1201559
2025-02-04,2-Year T-Note,592217,1810841,-1218624
2025-02-11,2-Year T-Note,554284,1852896,-1298612
2025-02-18,2-Year T-Note,509383,1798902,-1289519
2025-02-25,2-Year T-Note,521528,1670981,-1149453
2025-03-04,2-Year T-Note,553273,1724572,-1171299
2025-03-11,2-Year T-Note,519736,1741951,-1222215
2025-03-18,2-Year T-Note,500628,1721184,-1220556
2025-03-25,2-Year T-Note,517534,1699120,-1181586
2025-04-01,2-Year T-Note,544094,1770485,-1226391
2025-04-08,2-Year T-Note,606624,1804733,-1198109
2025-04-15,2-Year T-Note,526857,1781630,-1254773
2025-04-22,2-Year T-Note,545259,1843254,-1297995
2025-04-29,2-Year T-Note,588984,1795361,-1206377
2024-04-30,30-Year T-Bond,258380,281494,-23114
2024-05-07,30-Year T-Bond,267918,292587,-24669
2024-05-14,30-Year T-Bond,271919,267632,4287
2024-05-21,30-Year T-Bond,279564,265388,14176
2024-05-28,30-Year T-Bond,278502,234666,43836
2024-06-04,30-Year T-Bond,288078,303568,-15490
2024-06-11,30-Year T-Bond,285394,297305,-11911
2024-06-18,30-Year T-Bond,301229,334566,-33337
2024-06-25,30-Year T-Bond,282898,333896,-50998
2024-07-02,30-Year T-Bond,318156,339762,-21606
2024-07-09,30-Year T-Bond,304975,339396,-34421
2024-07-16,30-Year T-Bond,307574,354724,-47150
2024-07-23,30-Year T-Bond,301464,365623,-64159
2024-07-30,30-Year T-Bond,325275,371194,-45919
2024-08-06,30-Year T-Bond,339271,397126,-57855
2024-08-13,30-Year T-Bond,347997,374327,-26330
2024-08-20,30-Year T-Bond,349758,383253,-33495
2024-08-27,30-Year T-Bond,347170,361404,-14234
2024-09-03,30-Year T-Bond,350527,383571,-33044
2024-09-10,30-Year T-Bond,353380,417610,-64230
2024-09-17,30-Year T-Bond,358317,468028,-109711
2024-09-24,30-Year T-Bond,353820,506402,-152582
2024-10-01,30-Year T-Bond,358613,455191,-96578
2024-10-08,30-Year T-Bond,362540,438715,-76175
2024-10-15,30-Year T-Bond,388158,448336,-60178
2024-10-22,30-Year T-Bond,390276,464113,-73837
2024-10-29,30-Year T-Bond,417193,472010,-54817
2024-11-05,30-Year T-Bond,427232,464983,-37751
2024-11-12,30-Year T-Bond,425158,466926,-41768
2024-11-19,30-Year T-Bond,430752,466397,-35645
2024-11-26,30-Year T-Bond,420522,467936,-47414
2024-12-03,30-Year T-Bond,408017,466792,-58775
2024-12-10,30-Year T-Bond,410909,450402,-39493
2024-12-17,30-Year T-Bond,407771,454074,-46303
2024-12-24,30-Year T-Bond,418272,444614,-26342
2024-12-31,30-Year T-Bond,433673,468538,-34865
2025-01-07,30-Year T-Bond,441446,458273,-16827
2025-01-14,30-Year T-Bond,454757,454705,52
2025-01-21,30-Year T-Bond,456188,431732,24456
2025-01-28,30-Year T-Bond,466674,438090,28584
2025-02-04,30-Year T-Bond,455777,460704,-4927
2025-02-11,30-Year T-Bond,478347,434346,44001
2025-02-18,30-Year T-Bond,485270,437489,47781
2025-02-25,30-Year T-Bond,415998,375086,40912
2025-03-04,30-Year T-Bond,341103,358900,-17797
2025-03-11,30-Year T-Bond,311903,346107,-34204
2025-03-18,30-Year T-Bond,314099,327609,-13510
2025-03-25,30-Year T-Bond,260000,298275,-38275
2025-04-01,30-Year T-Bond,256314,288962,-32648
2025-04-08,30-Year T-Bond,266449,284603,-18154
2025-04-15,30-Year T-Bond,214477,315262,-100785
2025-04-22,30-Year T-Bond,202519,310206,-107687
2025-04-29,30-Year T-Bond,188518,274074,-85556
2024-04-30,5-Year T-Note,434860,1581458,-1146598
2024-05-07,5-Year T-Note,483030,1646879,-1163849
2024-05-14,5-Year T-Note,469333,1795438,-1326105
2024-05-21,5-Year T-Note,446114,1868919,-1422805
2024-05-28,5-Year T-Note,390636,1767753,-1377117
2024-06-04,5-Year T-Note,389117,1962154,-1573037
2024-06-11,5-Year T-Note,405601,1903025,-1497424
2024-06-18,5-Year T-Note,421655,1875055,-1453400
2024-06-25,5-Year T-Note,428361,1914558,-1486197
2024-07-02,5-Year T-Note,425719,1963691,-1537972
2024-07-09,5-Year T-Note,454103,2020704,-1566601
2024-07-16,5-Year T-Note,494873,2071047,-1576174
2024-07-23,5-Year T-Note,498393,2021654,-1523261
2024-07-30,5-Year T-Note,554750,2210788,-1656038
2024-08-06,5-Year T-Note,578521,2266597,-1688076
2024-08-13,5-Year T-Note,599507,2294579,-1695072
2024-08-20,5-Year T-Note,586030,2322840,-1736810
2024-08-27,5-Year T-Note,545315,2201572,-1656257
2024-09-03,5-Year T-Note,548634,2267330,-1718696
2024-09-10,5-Year T-Note,522020,2242016,-1719996
2024-09-17,5-Year T-Note,607540,2201400,-1593860
2024-09-24,5-Year T-Note,587823,2142255,-1554432
2024-10-01,5-Year T-Note,550762,2101552,-1550790
2024-10-08,5-Year T-Note,488596,2088921,-1600325
2024-10-15,5-Year T-Note,452589,2082613,-1630024
2024-10-22,5-Year T-Note,485990,2126977,-1640987
2024-10-29,5-Year T-Note,458688,2139159,-1680471
2024-11-05,5-Year T-Note,464380,2231789,-1767409
2024-11-12,5-Year T-Note,441144,2310354,-1869210
2024-11-19,5-Year T-Note,407669,2390695,-1983026
2024-11-26,5-Year T-Note,398080,2163651,-1765571
2024-12-03,5-Year T-Note,402072,2263172,-1861100
2024-12-10,5-Year T-Note,419439,2209869,-1790430
2024-12-17,5-Year T-Note,435419,2197736,-1762317
2024-12-24,5-Year T-Note,477098,2237520,-1760422
2024-12-31,5-Year T-Note,416502,2237095,-1820593
2025-01-07,5-Year T-Note,390938,2191841,-1800903
2025-01-14,5-Year T-Note,362051,2139672,-1777621
2025-01-21,5-Year T-Note,362768,2158959,-1796191
2025-01-28,5-Year T-Note,417956,2194011,-1776055
2025-02-04,5-Year T-Note,366638,2294304,-1927666
2025-02-11,5-Year T-Note,430766,2292501,-1861735
2025-02-18,5-Year T-Note,412913,2150446,-1737533
2025-02-25,5-Year T-Note,370975,1996748,-1625773
2025-03-04,5-Year T-Note,447699,2246060,-1798361
2025-03-11,5-Year T-Note,489613,2362980,-1873367
2025-03-18,5-Year T-Note,467808,2373748,-1905940
2025-03-25,5-Year T-Note,461359,2361446,-1900087
2025-04-01,5-Year T-Note,522974,2544651,-2021677
2025-04-08,5-Year T-Note,466812,2488387,-2021575
2025-04-15,5-Year T-Note,425684,2487259,-2061575
2025-04-22,5-Year T-Note,536772,2728206,-2191434
2025-04-29,5-Year T-Note,605281,2897825,-2292544
2024-04-30,Australian Dollar,41293,124528,-83235
2024-05-07,Australian Dollar,49480,113996,-64516
2024-05-14,Australian Dollar,40059,117230,-77171
2024-05-21,Australian Dollar,50536,106769,-56233
2024-05-28,Australian Dollar,53892,103808,-49916
2024-06-04,Australian Dollar,51661,102964,-51303
2024-06-11,Australian Dollar,45540,110325,-64785
2024-06-18,Australian Dollar,55699,97355,-41656
2024-06-25,Australian Dollar,64620,88296,-23676
2024-07-02,Australian Dollar,77951,93787,-15836
2024-07-09,Australian Dollar,98997,96584,2413
2024-07-16,Australian Dollar,106312,95199,11113
2024-07-23,Australian Dollar,96973,105787,-8814
2024-07-30,Australian Dollar,79236,110606,-31370
2024-08-06,Australian Dollar,68193,108392,-40199
2024-08-13,Australian Dollar,65028,107644,-42616
2024-08-20,Australian Dollar,70554,109439,-38885
2024-08-27,Australian Dollar,81486,100645,-19159
2024-09-03,Australian Dollar,87118,94982,-7864
2024-09-10,Australian Dollar,74259,88301,-14042
2024-09-17,Australian Dollar,53941,94063,-40122
2024-09-24,Australian Dollar,81924,93172,-11248
2024-10-01,Australian Dollar,101462,86934,14528
2024-10-08,Australian Dollar,111561,78139,33422
2024-10-15,Australian Dollar,99051,79782,19269
2024-10-22,Australian Dollar,102509,74830,27679
2024-10-29,Australian Dollar,93677,66161,27516
2024-11-05,Australian Dollar,91488,60512,30976
2024-11-12,Australian Dollar,83555,53760,29795
2024-11-19,Australian Dollar,86703,55105,31598
2024-11-26,Australian Dollar,88694,56918,31776
2024-12-03,Australian Dollar,86699,65298,21401
2024-12-10,Australian Dollar,88751,80266,8485
2024-12-17,Australian Dollar,32929,94460,-61531
2024-12-24,Australian Dollar,31414,99584,-68170
2024-12-31,Australian Dollar,35248,106659,-71411
2025-01-07,Australian Dollar,33116,106549,-73433
2025-01-14,Australian Dollar,26135,103766,-77631
2025-01-21,Australian Dollar,31179,102475,-71296
2025-01-28,Australian Dollar,32196,104027,-71831
2025-02-04,Australian Dollar,35330,110639,-75309
2025-02-11,Australian Dollar,40368,105953,-65585
2025-02-18,Australian Dollar,46918,103641,-56723
2025-02-25,Australian Dollar,50873,96453,-45580
2025-03-04,Australian Dollar,55151,103384,-48233
2025-03-11,Australian Dollar,52171,100397,-48226
2025-03-18,Australian Dollar,27628,98077,-70449
2025-03-25,Australian Dollar,28124,105570,-77446
2025-04-01,Australian Dollar,26211,102074,-75863
2025-04-08,Australian Dollar,28493,91793,-63300
2025-04-15,Australian Dollar,19740,78588,-58848
2025-04-22,Australian Dollar,27175,81757,-54582
2025-04-29,Australian Dollar,26602,76545,-49943
2024-04-30,British Pound,43668,72658,-28990
2024-05-07,British Pound,51777,73590,-21813
2024-05-14,British Pound,48674,68749,-20075
2024-05-21,British Pound,68538,67485,1053
2024-05-28,British Pound,93041,67639,25402
2024-06-04,British Pound,102118,58908,43210
2024-06-11,British Pound,110300,58179,52121
2024-06-18,British Pound,105920,58299,47621
2024-06-25,British Pound,102547,58499,44048
2024-07-02,British Pound,106753,44712,62041
2024-07-09,British Pound,135316,50626,84690
2024-07-16,British Pound,183287,50385,132902
2024-07-23,British Pound,188489,46306,142183
2024-07-30,British Pound,165635,54164,111471
2024-08-06,British Pound,126080,51681,74399
2024-08-13,British Pound,102603,54791,47812
2024-08-20,British Pound,125634,58123,67511
2024-08-27,British Pound,152163,62232,89931
2024-09-03,British Pound,160773,52695,108078
2024-09-10,British Pound,142072,51784,90288
2024-09-17,British Pound,124822,61843,62979
2024-09-24,British Pound,155325,68333,86992
2024-10-01,British Pound,161469,67704,93765
2024-10-08,British Pound,157666,64531,93135
2024-10-15,British Pound,151923,66121,85802
2024-10-22,British Pound,140603,66027,74576
2024-10-29,British Pound,132636,66280,66356
2024-11-05,British Pound,120737,75653,45084
2024-11-12,British Pound,119992,63942,56050
2024-11-19,British Pound,101713,61398,40315
2024-11-26,British Pound,98459,76825,21634
2024-12-03,British Pound,98056,78730,19326
2024-12-10,British Pound,102763,75638,27125
2024-12-17,British Pound,88265,66618,21647
2024-12-24,British Pound,84558,65235,19323
2024-12-31,British Pound,86202,65367,20835
2025-01-07,British Pound,81343,66837,14506
2025-01-14,British Pound,80557,80119,438
2025-01-21,British Pound,75696,83953,-8257
2025-01-28,British Pound,59331,81003,-21672
2025-02-04,British Pound,65442,76765,-11323
2025-02-11,British Pound,69087,72255,-3168
2025-02-18,British Pound,73564,74143,-579
2025-02-25,British Pound,74089,69626,4463
2025-03-04,British Pound,81866,63292,18574
2025-03-11,British Pound,94786,65593,29193
2025-03-18,British Pound,95941,66539,29402
2025-03-25,British Pound,109016,64733,44283
2025-04-01,British Pound,104986,70360,34626
2025-04-08,British Pound,91733,74423,17310
2025-04-15,British Pound,85708,79199,6509
2025-04-22,British Pound,94021,73531,20490
2025-04-29,British Pound,91064,67105,23959
2024-04-30,Canadian Dollar,33793,96994,-63201
2024-05-07,Canadian Dollar,32945,102166,-69221
2024-05-14,Canadian Dollar,34286,114589,-80303
2024-05-21,Canadian Dollar,35399,126223,-90824
2024-05-28,Canadian Dollar,37299,123884,-86585
2024-06-04,Canadian Dollar,37360,128999,-91639
2024-06-11,Canadian Dollar,37310,166803,-129493
2024-06-18,Canadian Dollar,22778,170709,-147931
2024-06-25,Canadian Dollar,27790,150202,-122412
2024-07-02,Canadian Dollar,21850,142202,-120352
2024-07-09,Canadian Dollar,20263,131475,-111212
2024-07-16,Canadian Dollar,24734,157207,-132473
2024-07-23,Canadian Dollar,24087,185690,-161603
2024-07-30,Canadian Dollar,23726,219989,-196263
2024-08-06,Canadian Dollar,21993,203625,-181632
2024-08-13,Canadian Dollar,20668,200279,-179611
2024-08-20,Canadian Dollar,19528,183938,-164410
2024-08-27,Canadian Dollar,19325,129327,-110002
2024-09-03,Canadian Dollar,31460,100004,-68544
2024-09-10,Canadian Dollar,23773,92726,-68953
2024-09-17,Canadian Dollar,21464,94614,-73150
2024-09-24,Canadian Dollar,25305,90894,-65589
2024-10-01,Canadian Dollar,25151,95154,-70003
2024-10-08,Canadian Dollar,21643,110794,-89151
2024-10-15,Canadian Dollar,36718,159111,-122393
2024-10-22,Canadian Dollar,28439,169070,-140631
2024-10-29,Canadian Dollar,27399,194898,-167499
2024-11-05,Canadian Dollar,26816,202045,-175229
2024-11-12,Canadian Dollar,22011,204400,-182389
2024-11-19,Canadian Dollar,23904,207470,-183566
2024-11-26,Canadian Dollar,21281,175283,-154002
2024-12-03,Canadian Dollar,21696,181042,-159346
2024-12-10,Canadian Dollar,29034,210588,-181554
2024-12-17,Canadian Dollar,19170,201225,-182055
2024-12-24,Canadian Dollar,13502,190222,-176720
2024-12-31,Canadian Dollar,20884,196592,-175708
2025-01-07,Canadian Dollar,19114,197703,-178589
2025-01-14,Canadian Dollar,23031,190184,-167153
2025-01-21,Canadian Dollar,19503,170290,-150787
2025-01-28,Canadian Dollar,21219,168820,-147601
2025-02-04,Canadian Dollar,20421,180865,-160444
2025-02-11,Canadian Dollar,17911,168745,-150834
2025-02-18,Canadian Dollar,21276,165919,-144643
2025-02-25,Canadian Dollar,20523,158429,-137906
2025-03-04,Canadian Dollar,22175,165945,-143770
2025-03-11,Canadian Dollar,19197,161607,-142410
2025-03-18,Canadian Dollar,18089,154671,-136582
2025-03-25,Canadian Dollar,17948,147482,-129534
2025-04-01,Canadian Dollar,17606,147622,-130016
2025-04-08,Canadian Dollar,16029,135270,-119241
2025-04-15,Canadian Dollar,18265,102125,-83860
2025-04-22,Canadian Dollar,18357,85524,-67167
2025-04-29,Canadian Dollar,16046,83251,-67205
2024-04-30,Canola,12664,120802,-108138
2024-05-07,Canola,22416,88839,-66423
2024-05-14,Canola,20144,74763,-54619
2024-05-21,Canola,17837,75131,-57294
2024-05-28,Canola,19085,69740,-50655
2024-06-04,Canola,14030,82879,-68849
2024-06-11,Canola,13977,111023,-97046
2024-06-18,Canola,12727,131766,-119039
2024-06-25,Canola,13758,144685,-130927
2024-07-02,Canola,17126,149239,-132113
2024-07-09,Canola,17772,149240,-131468
2024-07-16,Canola,22386,162972,-140586
2024-07-23,Canola,33036,128910,-95874
2024-07-30,Canola,27241,121126,-93885
2024-08-06,Canola,29083,150064,-120981
2024-08-13,Canola,30138,167890,-137752
2024-08-20,Canola,28058,175833,-147775
2024-08-27,Canola,25880,166984,-141104
2024-09-03,Canola,15038,151793,-136755
2024-09-10,Canola,10121,156916,-146795
2024-09-17,Canola,10690,159551,-148861
2024-09-24,Canola,12798,152577,-139779
2024-10-01,Canola,12324,137865,-125541
2024-10-08,Canola,14890,108703,-93813
2024-10-15,Canola,12150,107006,-94856
2024-10-22,Canola,20510,99697,-79187
2024-10-29,Canola,34621,77967,-43346
2024-11-05,Canola,21810,72567,-50757
2024-11-12,Canola,22154,76226,-54072
2024-11-19,Canola,18512,77141,-58629
2024-11-26,Canola,17370,108720,-91350
2024-12-03,Canola,19216,138739,-119523
2024-12-10,Canola,21377,132873,-111496
2024-12-17,Canola,19554,108737,-89183
2024-12-24,Canola,23643,112382,-88739
2024-12-31,Canola,21218,115466,-94248
2025-01-07,Canola,26281,100602,-74321
2025-01-14,Canola,40812,87890,-47078
2025-01-21,Canola,45836,100095,-54259
2025-01-28,Canola,56996,96357,-39361
2025-02-04,Canola,71684,80257,-8573
2025-02-11,Canola,96322,54617,41705
2025-02-18,Canola,116181,47083,69098
2025-02-25,Canola,126425,46064,80361
2025-03-04,Canola,114407,53446,60961
2025-03-11,Canola,86884,59066,27818
2025-03-18,Canola,62020,87050,-25030
2025-03-25,Canola,45896,106437,-60541
2025-04-01,Canola,49304,109686,-60382
2025-04-08,Canola,44665,76885,-32220
2025-04-15,Canola,68964,48112,20852
2025-04-22,Canola,94577,46743,47834
2025-04-29,Canola,107870,38580,69290
2024-04-30,Cocoa,46931,19779,27152
2024-05-07,Cocoa,44579,18017,26562
2024-05-14,Cocoa,45316,17358,27958
2024-05-21,Cocoa,45441,16550,28891
2024-05-28,Cocoa,48416,15846,32570
2024-06-04,Cocoa,48643,14998,33645
2024-06-11,Cocoa,46749,11418,35331
2024-06-18,Cocoa,47598,13857,33741
2024-06-25,Cocoa,43025,13668,29357
2024-07-02,Cocoa,42987,12825,30162
2024-07-09,Cocoa,45335,13595,31740
2024-07-16,Cocoa,47383,15105,32278
2024-07-23,Cocoa,48976,15673,33303
2024-07-30,Cocoa,49504,16634,32870
2024-08-06,Cocoa,49602,18505,31097
2024-08-13,Cocoa,51018,20750,30268
2024-08-20,Cocoa,51923,23035,28888
2024-08-27,Cocoa,54055,23863,30192
2024-09-03,Cocoa,52248,20318,31930
2024-09-10,Cocoa,49602,17377,32225
2024-09-17,Cocoa,51815,18062,33753
2024-09-24,Cocoa,53115,17101,36014
2024-10-01,Cocoa,54226,14848,39378
2024-10-08,Cocoa,54387,14451,39936
2024-10-15,Cocoa,57763,14451,43312
2024-10-22,Cocoa,55681,14705,40976
2024-10-29,Cocoa,50995,13597,37398
2024-11-05,Cocoa,50411,13752,36659
2024-11-12,Cocoa,51893,13631,38262
2024-11-19,Cocoa,55932,19338,36594
2024-11-26,Cocoa,58002,19267,38735
2024-12-03,Cocoa,56340,19175,37165
2024-12-10,Cocoa,54366,17389,36977
2024-12-17,Cocoa,51064,15783,35281
2024-12-24,Cocoa,49560,12981,36579
2024-12-31,Cocoa,49654,13093,36561
2025-01-07,Cocoa,48729,12935,35794
2025-01-14,Cocoa,49216,12356,36860
2025-01-21,Cocoa,50408,12943,37465
2025-01-28,Cocoa,49950,12982,36968
2025-02-04,Cocoa,48473,13083,35390
2025-02-11,Cocoa,40947,14128,26819
2025-02-18,Cocoa,41996,13987,28009
2025-02-25,Cocoa,32525,13074,19451
2025-03-04,Cocoa,29410,11759,17651
2025-03-11,Cocoa,28388,11092,17296
2025-03-18,Cocoa,28342,11872,16470
2025-03-25,Cocoa,28864,10586,18278
2025-04-01,Cocoa,30747,12146,18601
2025-04-08,Cocoa,26815,9017,17798
2025-04-15,Cocoa,23423,8812,14611
2025-04-22,Cocoa,25112,9535,15577
2025-04-29,Cocoa,27337,9985,17352
2024-04-30,Coffee,93006,24416,68590
2024-05-07,Coffee,85054,22177,62877
2024-05-14,Coffee,77228,20017,57211
2024-05-21,Coffee,78086,18700,59386
2024-05-28,Coffee,81146,18113,63033
2024-06-04,Coffee,84948,17299,67649
2024-06-11,Coffee,83847,20402,63445
2024-06-18,Coffee,83362,15813,67549
2024-06-25,Coffee,85222,14510,70712
2024-07-02,Coffee,84249,16488,67761
2024-07-09,Coffee,90458,15038,75420
2024-07-16,Coffee,86151,15172,70979
2024-07-23,Coffee,83320,16820,66500
2024-07-30,Coffee,78234,15218,63016
2024-08-06,Coffee,72262,13055,59207
2024-08-13,Coffee,72866,13926,58940
2024-08-20,Coffee,79032,14874,64158
2024-08-27,Coffee,81646,14739,66907
2024-09-03,Coffee,80574,16653,63921
2024-09-10,Coffee,79106,15659,63447
2024-09-17,Coffee,83448,13320,70128
2024-09-24,Coffee,82101,13582,68519
2024-10-01,Coffee,81731,13918,67813
2024-10-08,Coffee,76743,14028,62715
2024-10-15,Coffee,79366,12416,66950
2024-10-22,Coffee,79558,13254,66304
2024-10-29,Coffee,77119,11818,65301
2024-11-05,Coffee,75196,12219,62977
2024-11-12,Coffee,77574,9106,68468
2024-11-19,Coffee,79031,10113,68918
2024-11-26,Coffee,83054,12441,70613
2024-12-03,Coffee,78015,11288,66727
2024-12-10,Coffee,76217,14143,62074
2024-12-17,Coffee,74227,12080,62147
2024-12-24,Coffee,75040,10883,64157
2024-12-31,Coffee,74294,11527,62767
2025-01-07,Coffee,76182,12048,64134
2025-01-14,Coffee,80944,8302,72642
2025-01-21,Coffee,83011,8720,74291
2025-01-28,Coffee,85902,9382,76520
2025-02-04,Coffee,83066,11188,71878
2025-02-11,Coffee,78310,14613,63697
2025-02-18,Coffee,75658,13960,61698
2025-02-25,Coffee,74739,15556,59183
2025-03-04,Coffee,73038,14201,58837
2025-03-11,Coffee,70820,14364,56456
2025-03-18,Coffee,69882,13752,56130
2025-03-25,Coffee,70947,12495,58452
2025-04-01,Coffee,67669,13606,54063
2025-04-08,Coffee,59134,15655,43479
2025-04-15,Coffee,50370,10436,39934
2025-04-22,Coffee,51215,10159,41056
2025-04-29,Coffee,59405,10116,49289
2024-04-30,Copper,152807,94743,58064
2024-05-07,Copper,160147,97499,62648
2024-05-14,Copper,163662,101882,61780
2024-05-21,Copper,162887,91193,71694
2024-05-28,Copper,153739,88217,65522
2024-06-04,Copper,142712,81585,61127
2024-06-11,Copper,139013,77725,61288
2024-06-18,Copper,133890,81269,52621
2024-06-25,Copper,134798,84672,50126
2024-07-02,Copper,135243,86020,49223
2024-07-09,Copper,141237,85206,56031
2024-07-16,Copper,139774,80874,58900
2024-07-23,Copper,117236,75016,42220
2024-07-30,Copper,102957,78482,24475
2024-08-06,Copper,88598,69000,19598
2024-08-13,Copper,86013,70216,15797
2024-08-20,Copper,91835,71561,20274
2024-08-27,Copper,89063,71918,17145
2024-09-03,Copper,77290,64329,12961
2024-09-10,Copper,74754,61942,12812
2024-09-17,Copper,79235,59553,19682
2024-09-24,Copper,96262,63132,33130
2024-10-01,Copper,108421,65229,43192
2024-10-08,Copper,105252,62156,43096
2024-10-15,Copper,99036,63514,35522
2024-10-22,Copper,100002,67547,32455
2024-10-29,Copper,96844,73105,23739
2024-11-05,Copper,101996,78326,23670
2024-11-12,Copper,93941,73096,20845
2024-11-19,Copper,87842,72400,15442
2024-11-26,Copper,83268,73343,9925
2024-12-03,Copper,86478,76012,10466
2024-12-10,Copper,84585,73626,10959
2024-12-17,Copper,81540,75600,5940
2024-12-24,Copper,83076,81272,1804
2024-12-31,Copper,88300,87541,759
2025-01-07,Copper,89586,85316,4270
2025-01-14,Copper,84904,73066,11838
2025-01-21,Copper,88855,72192,16663
2025-01-28,Copper,86831,73786,13045
2025-02-04,Copper,92002,76581,15421
2025-02-11,Copper,104032,83136,20896
2025-02-18,Copper,101470,79407,22063
2025-02-25,Copper,91757,72735,19022
2025-03-04,Copper,88987,75975,13012
2025-03-11,Copper,94929,76331,18598
2025-03-18,Copper,101076,75884,25192
2025-03-25,Copper,106085,71981,34104
2025-04-01,Copper,94101,64076,30025
2025-04-08,Copper,81213,56972,24241
2025-04-15,Copper,75462,55985,19477
2025-04-22,Copper,78607,53842,24765
2025-04-29,Copper,71612,52243,19369
2024-04-30,Corn,284015,427439,-143424
2024-05-07,Corn,311911,343265,-31354
2024-05-14,Corn,337217,336993,224
2024-05-21,Corn,332720,374547,-41827
2024-05-28,Corn,337903,389535,-51632
2024-06-04,Corn,339144,459077,-119933
2024-06-11,Corn,367952,468984,-101032
2024-06-18,Corn,382946,459657,-76711
2024-06-25,Corn,350579,520362,-169783
2024-07-02,Corn,313757,542468,-228711
2024-07-09,Corn,309195,549136,-239941
2024-07-16,Corn,307784,546600,-238816
2024-07-23,Corn,322869,544821,-221952
2024-07-30,Corn,308633,521075,-212442
2024-08-06,Corn,320403,472372,-151969
2024-08-13,Corn,328996,483001,-154005
2024-08-20,Corn,319844,485140,-165296
2024-08-27,Corn,317652,466186,-148534
2024-09-03,Corn,335231,425714,-90483
2024-09-10,Corn,339497,387257,-47760
2024-09-17,Corn,337834,404129,-66295
2024-09-24,Corn,326166,390388,-64222
2024-10-01,Corn,321301,328494,-7193
2024-10-08,Corn,323640,287569,36071
2024-10-15,Corn,333139,338291,-5152
2024-10-22,Corn,377721,359881,17840
2024-10-29,Corn,405262,321958,83304
2024-11-05,Corn,422877,320229,102648
2024-11-12,Corn,434784,257138,177646
2024-11-19,Corn,418990,255689,163301
2024-11-26,Corn,399710,262841,136869
2024-12-03,Corn,404920,267692,137228
2024-12-10,Corn,465806,241383,224423
2024-12-17,Corn,454635,232787,221848
2024-12-24,Corn,461845,236170,225675
2024-12-31,Corn,493433,202918,290515
2025-01-07,Corn,506413,186600,319813
2025-01-14,Corn,534428,186353,348075
2025-01-21,Corn,587335,194412,392923
2025-01-28,Corn,617299,173424,443875
2025-02-04,Corn,626001,163620,462381
2025-02-11,Corn,586274,161505,424769
2025-02-18,Corn,627494,158770,468724
2025-02-25,Corn,597706,156545,441161
2025-03-04,Corn,492878,157440,335438
2025-03-11,Corn,449005,180648,268357
2025-03-18,Corn,441602,202226,239376
2025-03-25,Corn,416135,215764,200371
2025-04-01,Corn,412771,245902,166869
2025-04-08,Corn,418031,245149,172882
2025-04-15,Corn,438836,204654,234182
2025-04-22,Corn,450712,230869,219843
2025-04-29,Corn,412036,236607,175429
2024-04-30,Cotton,71065,51843,19222
2024-05-07,Cotton,66141,58005,8136
2024-05-14,Cotton,68159,61760,6399
2024-05-21,Cotton,68464,68656,-192
2024-05-28,Cotton,70382,62704,7678
2024-06-04,Cotton,67396,74087,-6691
2024-06-11,Cotton,63650,83706,-20056
2024-06-18,Cotton,60371,88135,-27764
2024-06-25,Cotton,60552,84527,-23975
2024-07-02,Cotton,60058,77379,-17321
2024-07-09,Cotton,60412,84921,-24509
2024-07-16,Cotton,61011,87518,-26507
2024-07-23,Cotton,59282,93553,-34271
2024-07-30,Cotton,60341,97682,-37341
2024-08-06,Cotton,60131,102039,-41908
2024-08-13,Cotton,59448,101118,-41670
2024-08-20,Cotton,58393,101221,-42828
2024-08-27,Cotton,56934,94009,-37075
2024-09-03,Cotton,53387,91541,-38154
2024-09-10,Cotton,52919,99030,-46111
2024-09-17,Cotton,59144,85506,-26362
2024-09-24,Cotton,58681,75069,-16388
2024-10-01,Cotton,60571,70659,-10088
2024-10-08,Cotton,61941,73582,-11641
2024-10-15,Cotton,64409,75051,-10642
2024-10-22,Cotton,65842,73199,-7357
2024-10-29,Cotton,65551,77412,-11861
2024-11-05,Cotton,64436,76877,-12441
2024-11-12,Cotton,63281,74767,-11486
2024-11-19,Cotton,58166,89301,-31135
2024-11-26,Cotton,58071,74972,-16901
2024-12-03,Cotton,59802,73392,-13590
2024-12-10,Cotton,59508,79036,-19528
2024-12-17,Cotton,59565,86168,-26603
2024-12-24,Cotton,58942,90714,-31772
2024-12-31,Cotton,58195,92786,-34591
2025-01-07,Cotton,60500,92584,-32084
2025-01-14,Cotton,63438,99179,-35741
2025-01-21,Cotton,66257,106208,-39951
2025-01-28,Cotton,64766,107194,-42428
2025-02-04,Cotton,64897,115664,-50767
2025-02-11,Cotton,68832,111397,-42565
2025-02-18,Cotton,72320,109388,-37068
2025-02-25,Cotton,72674,116160,-43486
2025-03-04,Cotton,70011,132148,-62137
2025-03-11,Cotton,65937,122661,-56724
2025-03-18,Cotton,64425,113729,-49304
2025-03-25,Cotton,65048,119054,-54006
2025-04-01,Cotton,70529,112508,-41979
2025-04-08,Cotton,66636,101662,-35026
2025-04-15,Cotton,59870,88326,-28456
2025-04-22,Cotton,60797,85875,-25078
2025-04-29,Cotton,65344,77082,-11738
2024-04-30,Dow Jones,17883,12685,5198
2024-05-07,Dow Jones,19305,10641,8664
2024-05-14,Dow Jones,24739,8966,15773
2024-05-21,Dow Jones,30728,10291,20437
2024-05-28,Dow Jones,22285,9141,13144
2024-06-04,Dow Jones,21008,12722,8286
2024-06-11,Dow Jones,19838,17462,2376
2024-06-18,Dow Jones,17190,15666,1524
2024-06-25,Dow Jones,16170,16684,-514
2024-07-02,Dow Jones,18305,11577,6728
2024-07-09,Dow Jones,22317,14522,7795
2024-07-16,Dow Jones,30568,15327,15241
2024-07-23,Dow Jones,25941,14575,11366
2024-07-30,Dow Jones,27554,14016,13538
2024-08-06,Dow Jones,21484,14115,7369
2024-08-13,Dow Jones,18012,16775,1237
2024-08-20,Dow Jones,22507,15779,6728
2024-08-27,Dow Jones,21999,15075,6924
2024-09-03,Dow Jones,19772,12636,7136
2024-09-10,Dow Jones,19636,11468,8168
2024-09-17,Dow Jones,22931,9878,13053
2024-09-24,Dow Jones,23223,7787,15436
2024-10-01,Dow Jones,25145,8095,17050
2024-10-08,Dow Jones,20585,6299,14286
2024-10-15,Dow Jones,23983,11383,12600
2024-10-22,Dow Jones,24760,12524,12236
2024-10-29,Dow Jones,23118,13493,9625
2024-11-05,Dow Jones,24195,11264,12931
2024-11-12,Dow Jones,26664,12998,13666
2024-11-19,Dow Jones,20016,12464,7552
2024-11-26,Dow Jones,24909,13413,11496
2024-12-03,Dow Jones,26196,15696,10500
2024-12-10,Dow Jones,24147,14026,10121
2024-12-17,Dow Jones,20489,14890,5599
2024-12-24,Dow Jones,18570,12595,5975
2024-12-31,Dow Jones,17408,12768,4640
2025-01-07,Dow Jones,15722,12963,2759
2025-01-14,Dow Jones,14679,13233,1446
2025-01-21,Dow Jones,13377,11050,2327
2025-01-28,Dow Jones,15451,13180,2271
2025-02-04,Dow Jones,13205,11484,1721
2025-02-11,Dow Jones,14179,11302,2877
2025-02-18,Dow Jones,14587,15628,-1041
2025-02-25,Dow Jones,16132,17677,-1545
2025-03-04,Dow Jones,14850,14785,65
2025-03-11,Dow Jones,12659,11439,1220
2025-03-18,Dow Jones,10737,10256,481
2025-03-25,Dow Jones,8894,13100,-4206
2025-04-01,Dow Jones,9846,12450,-2604
2025-04-08,Dow Jones,9192,7872,1320
2025-04-15,Dow Jones,8422,8181,241
2025-04-22,Dow Jones,9623,8736,887
2025-04-29,Dow Jones,13202,7653,5549
2024-04-30,Euro FX,167185,173962,-6777
2024-05-07,Euro FX,170594,166004,4590
2024-05-14,Euro FX,178398,161243,17155
2024-05-21,Euro FX,182574,141099,41475
2024-05-28,Euro FX,184656,127084,57572
2024-06-04,Euro FX,188957,121087,67870
2024-06-11,Euro FX,187697,144053,43644
2024-06-18,Euro FX,171464,163513,7951
2024-06-25,Euro FX,167370,175801,-8431
2024-07-02,Euro FX,164369,173888,-9519
2024-07-09,Euro FX,165829,162206,3623
2024-07-16,Euro FX,179937,155188,24749
2024-07-23,Euro FX,188929,153023,35906
2024-07-30,Euro FX,183006,165207,17799
2024-08-06,Euro FX,185799,152219,33580
2024-08-13,Euro FX,182212,155229,26983
2024-08-20,Euro FX,194350,138333,56017
2024-08-27,Euro FX,218381,125543,92838
2024-09-03,Euro FX,215969,115951,100018
2024-09-10,Euro FX,192821,111388,81433
2024-09-17,Euro FX,182281,112635,69646
2024-09-24,Euro FX,187795,116097,71698
2024-10-01,Euro FX,178273,122946,55327
2024-10-08,Euro FX,173866,134768,39098
2024-10-15,Euro FX,169319,152169,17150
2024-10-22,Euro FX,153159,181683,-28524
2024-10-29,Euro FX,159313,209617,-50304
2024-11-05,Euro FX,159900,181553,-21653
2024-11-12,Euro FX,160003,167440,-7437
2024-11-19,Euro FX,154305,196862,-42557
2024-11-26,Euro FX,156334,212343,-56009
2024-12-03,Euro FX,167693,225182,-57489
2024-12-10,Euro FX,157375,232948,-75573
2024-12-17,Euro FX,152671,218566,-65895
2024-12-24,Euro FX,159471,227978,-68507
2024-12-31,Euro FX,168806,238370,-69564
2025-01-07,Euro FX,166503,230627,-64124
2025-01-14,Euro FX,162760,223157,-60397
2025-01-21,Euro FX,167665,230151,-62486
2025-01-28,Euro FX,153660,220264,-66604
2025-02-04,Euro FX,162554,221168,-58614
2025-02-11,Euro FX,165594,230019,-64425
2025-02-18,Euro FX,170320,221740,-51420
2025-02-25,Euro FX,182699,208124,-25425
2025-03-04,Euro FX,185223,195329,-10106
2025-03-11,Euro FX,188647,175557,13090
2025-03-18,Euro FX,188952,129527,59425
2025-03-25,Euro FX,189796,124271,65525
2025-04-01,Euro FX,183247,131412,51835
2025-04-08,Euro FX,190296,130316,59980
2025-04-15,Euro FX,197103,127823,69280
2025-04-22,Euro FX,196205,131177,65028
2025-04-29,Euro FX,196388,120591,75797
2024-04-30,Feeder Cattle,13357,13662,-305
2024-05-07,Feeder Cattle,12803,14180,-1377
2024-05-14,Feeder Cattle,14118,14561,-443
2024-05-21,Feeder Cattle,14003,15191,-1188
2024-05-28,Feeder Cattle,15419,14280,1139
2024-06-04,Feeder Cattle,13398,15323,-1925
2024-06-11,Feeder Cattle,12094,14120,-2026
2024-06-18,Feeder Cattle,12915,15369,-2454
2024-06-25,Feeder Cattle,11878,16657,-4779
2024-07-02,Feeder Cattle,11812,15138,-3326
2024-07-09,Feeder Cattle,10973,15745,-4772
2024-07-16,Feeder Cattle,11667,15514,-3847
2024-07-23,Feeder Cattle,12949,16441,-3492
2024-07-30,Feeder Cattle,11588,16626,-5038
2024-08-06,Feeder Cattle,12924,18737,-5813
2024-08-13,Feeder Cattle,12856,19766,-6910
2024-08-20,Feeder Cattle,13236,21284,-8048
2024-08-27,Feeder Cattle,13437,20113,-6676
2024-09-03,Feeder Cattle,12120,17085,-4965
2024-09-10,Feeder Cattle,11532,17926,-6394
2024-09-17,Feeder Cattle,11973,17549,-5576
2024-09-24,Feeder Cattle,12996,16641,-3645
2024-10-01,Feeder Cattle,14279,14451,-172
2024-10-08,Feeder Cattle,17030,15849,1181
2024-10-15,Feeder Cattle,18502,16062,2440
2024-10-22,Feeder Cattle,18289,15501,2788
2024-10-29,Feeder Cattle,19149,17865,1284
2024-11-05,Feeder Cattle,20454,16608,3846
2024-11-12,Feeder Cattle,20109,16326,3783
2024-11-19,Feeder Cattle,22324,15774,6550
2024-11-26,Feeder Cattle,24522,14716,9806
2024-12-03,Feeder Cattle,26718,15610,11108
2024-12-10,Feeder Cattle,27750,17042,10708
2024-12-17,Feeder Cattle,28803,17881,10922
2024-12-24,Feeder Cattle,28090,18113,9977
2024-12-31,Feeder Cattle,30321,18441,11880
2025-01-07,Feeder Cattle,33280,17093,16187
2025-01-14,Feeder Cattle,36209,18429,17780
2025-01-21,Feeder Cattle,37331,19099,18232
2025-01-28,Feeder Cattle,38025,20181,17844
2025-02-04,Feeder Cattle,36672,20644,16028
2025-02-11,Feeder Cattle,34007,18428,15579
2025-02-18,Feeder Cattle,34938,18350,16588
2025-02-25,Feeder Cattle,34489,19279,15210
2025-03-04,Feeder Cattle,36248,19714,16534
2025-03-11,Feeder Cattle,38268,19986,18282
2025-03-18,Feeder Cattle,41023,20864,20159
2025-03-25,Feeder Cattle,43512,21291,22221
2025-04-01,Feeder Cattle,42453,20083,22370
2025-04-08,Feeder Cattle,35712,18161,17551
2025-04-15,Feeder Cattle,32630,16436,16194
2025-04-22,Feeder Cattle,34446,16769,17677
2025-04-29,Feeder Cattle,35726,19125,16601
2024-04-30,Hard Red Winter Wheat,52296,75653,-23357
2024-05-07,Hard Red Winter Wheat,52166,69822,-17656
2024-05-14,Hard Red Winter Wheat,55634,66433,-10799
2024-05-21,Hard Red Winter Wheat,57587,70005,-12418
2024-05-28,Hard Red Winter Wheat,62916,67551,-4635
2024-06-04,Hard Red Winter Wheat,63082,70885,-7803
2024-06-11,Hard Red Winter Wheat,60361,70560,-10199
2024-06-18,Hard Red Winter Wheat,54226,75611,-21385
2024-06-25,Hard Red Winter Wheat,57907,90178,-32271
2024-07-02,Hard Red Winter Wheat,63536,95364,-31828
2024-07-09,Hard Red Winter Wheat,61115,90236,-29121
2024-07-16,Hard Red Winter Wheat,60601,88253,-27652
2024-07-23,Hard Red Winter Wheat,58753,84516,-25763
2024-07-30,Hard Red Winter Wheat,62869,86035,-23166
2024-08-06,Hard Red Winter Wheat,62762,83499,-20737
2024-08-13,Hard Red Winter Wheat,66198,86150,-19952
2024-08-20,Hard Red Winter Wheat,66359,89381,-23022
2024-08-27,Hard Red Winter Wheat,69044,89514,-20470
2024-09-03,Hard Red Winter Wheat,69930,86201,-16271
2024-09-10,Hard Red Winter Wheat,72578,79312,-6734
2024-09-17,Hard Red Winter Wheat,69804,75792,-5988
2024-09-24,Hard Red Winter Wheat,69190,78256,-9066
2024-10-01,Hard Red Winter Wheat,69903,73892,-3989
2024-10-08,Hard Red Winter Wheat,62694,57784,4910
2024-10-15,Hard Red Winter Wheat,61430,55487,5943
2024-10-22,Hard Red Winter Wheat,61005,56885,4120
2024-10-29,Hard Red Winter Wheat,63615,67535,-3920
2024-11-05,Hard Red Winter Wheat,64600,70550,-5950
2024-11-12,Hard Red Winter Wheat,63586,80560,-16974
2024-11-19,Hard Red Winter Wheat,68406,84820,-16414
2024-11-26,Hard Red Winter Wheat,66990,83751,-16761
2024-12-03,Hard Red Winter Wheat,68706,91418,-22712
2024-12-10,Hard Red Winter Wheat,72174,91660,-19486
2024-12-17,Hard Red Winter Wheat,73560,89678,-16118
2024-12-24,Hard Red Winter Wheat,78276,95957,-17681
2024-12-31,Hard Red Winter Wheat,76119,93108,-16989
2025-01-07,Hard Red Winter Wheat,75914,91786,-15872
2025-01-14,Hard Red Winter Wheat,73855,94599,-20744
2025-01-21,Hard Red Winter Wheat,76279,94246,-17967
2025-01-28,Hard Red Winter Wheat,73431,97581,-24150
2025-02-04,Hard Red Winter Wheat,69771,83735,-13964
2025-02-11,Hard Red Winter Wheat,63312,73342,-10030
2025-02-18,Hard Red Winter Wheat,58070,60119,-2049
2025-02-25,Hard Red Winter Wheat,51278,56328,-5050
2025-03-04,Hard Red Winter Wheat,50098,77673,-27575
2025-03-11,Hard Red Winter Wheat,52893,89087,-36194
2025-03-18,Hard Red Winter Wheat,55013,84666,-29653
2025-03-25,Hard Red Winter Wheat,52273,85137,-32864
2025-04-01,Hard Red Winter Wheat,60579,95461,-34882
2025-04-08,Hard Red Winter Wheat,60702,100886,-40184
2025-04-15,Hard Red Winter Wheat,61931,101220,-39289
2025-04-22,Hard Red Winter Wheat,60461,104231,-43770
2025-04-29,Hard Red Winter Wheat,62237,116582,-54345
2024-04-30,Japanese Yen,40435,208823,-168388
2024-05-07,Japanese Yen,34990,169912,-134922
2024-05-14,Japanese Yen,35303,161485,-126182
2024-05-21,Japanese Yen,29614,173981,-144367
2024-05-28,Japanese Yen,28565,184604,-156039
2024-06-04,Japanese Yen,40427,172528,-132101
2024-06-11,Japanese Yen,30763,169342,-138579
2024-06-18,Japanese Yen,29429,177182,-147753
2024-06-25,Japanese Yen,34576,208476,-173900
2024-07-02,Japanese Yen,36714,220937,-184223
2024-07-09,Japanese Yen,41521,223554,-182033
2024-07-16,Japanese Yen,47356,198428,-151072
2024-07-23,Japanese Yen,64390,171498,-107108
2024-07-30,Japanese Yen,65016,138476,-73460
2024-08-06,Japanese Yen,66169,77523,-11354
2024-08-13,Japanese Yen,87101,63997,23104
2024-08-20,Japanese Yen,88761,65176,23585
2024-08-27,Japanese Yen,84305,58437,25868
2024-09-03,Japanese Yen,91791,50675,41116
2024-09-10,Japanese Yen,98894,43124,55770
2024-09-17,Japanese Yen,97332,40492,56840
2024-09-24,Japanese Yen,104690,38679,66011
2024-10-01,Japanese Yen,95513,38741,56772
2024-10-08,Japanese Yen,83679,47151,36528
2024-10-15,Japanese Yen,86685,52575,34110
2024-10-22,Japanese Yen,79364,66593,12771
2024-10-29,Japanese Yen,64925,89742,-24817
2024-11-05,Japanese Yen,60334,104501,-44167
2024-11-12,Japanese Yen,64038,128940,-64902
2024-11-19,Japanese Yen,78973,125841,-46868
2024-11-26,Japanese Yen,87597,110230,-22633
2024-12-03,Japanese Yen,93622,91288,2334
2024-12-10,Japanese Yen,97938,72186,25752
2024-12-17,Japanese Yen,87208,81247,5961
2024-12-24,Japanese Yen,95958,93647,2311
2024-12-31,Japanese Yen,96119,104562,-8443
2025-01-07,Japanese Yen,91206,111395,-20189
2025-01-14,Japanese Yen,91434,120845,-29411
2025-01-21,Japanese Yen,94157,108830,-14673
2025-01-28,Japanese Yen,96809,97768,-959
2025-02-04,Japanese Yen,104684,85916,18768
2025-02-11,Japanese Yen,144158,89543,54615
2025-02-18,Japanese Yen,147566,86997,60569
2025-02-25,Japanese Yen,171751,75771,95980
2025-03-04,Japanese Yen,183955,50304,133651
2025-03-11,Japanese Yen,176790,42888,133902
2025-03-18,Japanese Yen,164752,41788,122964
2025-03-25,Japanese Yen,160474,35098,125376
2025-04-01,Japanese Yen,161566,39792,121774
2025-04-08,Japanese Yen,176555,29488,147067
2025-04-15,Japanese Yen,198560,26705,171855
2025-04-22,Japanese Yen,202373,24559,177814
2025-04-29,Japanese Yen,202797,23585,179212
2024-04-30,Lean Hogs,116668,64730,51938
2024-05-07,Lean Hogs,100612,62256,38356
2024-05-14,Lean Hogs,93393,61352,32041
2024-05-21,Lean Hogs,84630,61768,22862
2024-05-28,Lean Hogs,81944,68282,13662
2024-06-04,Lean Hogs,80913,75367,5546
2024-06-11,Lean Hogs,82590,86724,-4134
2024-06-18,Lean Hogs,77266,92171,-14905
2024-06-25,Lean Hogs,80465,106935,-26470
2024-07-02,Lean Hogs,74457,103437,-28980
2024-07-09,Lean Hogs,77382,106730,-29348
2024-07-16,Lean Hogs,81372,107765,-26393
2024-07-23,Lean Hogs,83360,109180,-25820
2024-07-30,Lean Hogs,85033,107228,-22195
2024-08-06,Lean Hogs,87503,108993,-21490
2024-08-13,Lean Hogs,84570,111058,-26488
2024-08-20,Lean Hogs,86247,108043,-21796
2024-08-27,Lean Hogs,92284,104069,-11785
2024-09-03,Lean Hogs,97199,104941,-7742
2024-09-10,Lean Hogs,92490,99971,-7481
2024-09-17,Lean Hogs,93358,96668,-3310
2024-09-24,Lean Hogs,104863,96403,8460
2024-10-01,Lean Hogs,108081,88932,19149
2024-10-08,Lean Hogs,123646,90341,33305
2024-10-15,Lean Hogs,127041,86399,40642
2024-10-22,Lean Hogs,133945,84451,49494
2024-10-29,Lean Hogs,149265,88187,61078
2024-11-05,Lean Hogs,159447,88006,71441
2024-11-12,Lean Hogs,165266,89284,75982
2024-11-19,Lean Hogs,157401,85419,71982
2024-11-26,Lean Hogs,171351,90112,81239
2024-12-03,Lean Hogs,180550,88791,91759
2024-12-10,Lean Hogs,179204,87682,91522
2024-12-17,Lean Hogs,154060,60650,93410
2024-12-24,Lean Hogs,146733,59353,87380
2024-12-31,Lean Hogs,135088,56131,78957
2025-01-07,Lean Hogs,126353,53608,72745
2025-01-14,Lean Hogs,129741,53199,76542
2025-01-21,Lean Hogs,126358,56382,69976
2025-01-28,Lean Hogs,123796,57735,66061
2025-02-04,Lean Hogs,129010,59565,69445
2025-02-11,Lean Hogs,137087,63867,73220
2025-02-18,Lean Hogs,146094,65237,80857
2025-02-25,Lean Hogs,121636,53809,67827
2025-03-04,Lean Hogs,104957,58292,46665
2025-03-11,Lean Hogs,93330,55113,38217
2025-03-18,Lean Hogs,92802,58210,34592
2025-03-25,Lean Hogs,90491,61102,29389
2025-04-01,Lean Hogs,94942,64465,30477
2025-04-08,Lean Hogs,89040,70981,18059
2025-04-15,Lean Hogs,84018,65997,18021
2025-04-22,Lean Hogs,93049,61753,31296
2025-04-29,Lean Hogs,98526,63669,34857
2024-04-30,Live Cattle,99665,55862,43803
2024-05-07,Live Cattle,96844,53369,43475
2024-05-14,Live Cattle,100002,55343,44659
2024-05-21,Live Cattle,107677,57021,50656
2024-05-28,Live Cattle,119356,58501,60855
2024-06-04,Live Cattle,115314,61181,54133
2024-06-11,Live Cattle,109839,58681,51158
2024-06-18,Live Cattle,113834,61387,52447
2024-06-25,Live Cattle,121955,73240,48715
2024-07-02,Live Cattle,130254,79642,50612
2024-07-09,Live Cattle,126376,75099,51277
2024-07-16,Live Cattle,124193,76981,47212
2024-07-23,Live Cattle,123805,77042,46763
2024-07-30,Live Cattle,132934,72960,59974
2024-08-06,Live Cattle,108655,63383,45272
2024-08-13,Live Cattle,99758,63521,36237
2024-08-20,Live Cattle,98255,62633,35622
2024-08-27,Live Cattle,97052,63283,33769
2024-09-03,Live Cattle,95135,64806,30329
2024-09-10,Live Cattle,96103,63054,33049
2024-09-17,Live Cattle,96606,66108,30498
2024-09-24,Live Cattle,110464,74357,36107
2024-10-01,Live Cattle,119749,66898,52851
2024-10-08,Live Cattle,128051,63291,64760
2024-10-15,Live Cattle,135289,63871,71418
2024-10-22,Live Cattle,140079,67305,72774
2024-10-29,Live Cattle,148416,66687,81729
2024-11-05,Live Cattle,147783,68945,78838
2024-11-12,Live Cattle,152817,68038,84779
2024-11-19,Live Cattle,152864,67677,85187
2024-11-26,Live Cattle,159852,66103,93749
2024-12-03,Live Cattle,163456,66412,97044
2024-12-10,Live Cattle,167119,64418,102701
2024-12-17,Live Cattle,175651,64873,110778
2024-12-24,Live Cattle,166034,63036,102998
2024-12-31,Live Cattle,167159,63181,103978
2025-01-07,Live Cattle,182827,64282,118545
2025-01-14,Live Cattle,192036,68751,123285
2025-01-21,Live Cattle,192157,73425,118732
2025-01-28,Live Cattle,202150,83106,119044
2025-02-04,Live Cattle,199414,82975,116439
2025-02-11,Live Cattle,179879,66455,113424
2025-02-18,Live Cattle,172664,64393,108271
2025-02-25,Live Cattle,168064,66832,101232
2025-03-04,Live Cattle,157737,67721,90016
2025-03-11,Live Cattle,160739,63404,97335
2025-03-18,Live Cattle,173498,70073,103425
2025-03-25,Live Cattle,193964,75977,117987
2025-04-01,Live Cattle,200105,76459,123646
2025-04-08,Live Cattle,167089,59369,107720
2025-04-15,Live Cattle,145310,53725,91585
2025-04-22,Live Cattle,159752,60746,99006
2025-04-29,Live Cattle,174783,71753,103030
2024-04-30,Mexican Peso,144679,25634,119045
2024-05-07,Mexican Peso,137564,25252,112312
2024-05-14,Mexican Peso,144307,31346,112961
2024-05-21,Mexican Peso,153206,35314,117892
2024-05-28,Mexican Peso,151468,30549,120919
2024-06-04,Mexican Peso,153943,29272,124671
2024-06-11,Mexican Peso,145604,26611,118993
2024-06-18,Mexican Peso,71739,21485,50254
2024-06-25,Mexican Peso,84314,26508,57806
2024-07-02,Mexican Peso,96359,32732,63627
2024-07-09,Mexican Peso,95748,32425,63323
2024-07-16,Mexican Peso,98495,36785,61710
2024-07-23,Mexican Peso,100555,31238,69317
2024-07-30,Mexican Peso,99143,31483,67660
2024-08-06,Mexican Peso,96916,31580,65336
2024-08-13,Mexican Peso,82188,32094,50094
2024-08-20,Mexican Peso,66745,32099,34646
2024-08-27,Mexican Peso,66669,35949,30720
2024-09-03,Mexican Peso,63103,32624,30479
2024-09-10,Mexican Peso,62614,35588,27026
2024-09-17,Mexican Peso,48486,40763,7723
2024-09-24,Mexican Peso,51480,39054,12426
2024-10-01,Mexican Peso,61487,35188,26299
2024-10-08,Mexican Peso,55327,26134,29193
2024-10-15,Mexican Peso,60759,35513,25246
2024-10-22,Mexican Peso,61303,37406,23897
2024-10-29,Mexican Peso,71127,36082,35045
2024-11-05,Mexican Peso,65501,34406,31095
2024-11-12,Mexican Peso,73269,53076,20193
2024-11-19,Mexican Peso,60642,46628,14014
2024-11-26,Mexican Peso,56402,52944,3458
2024-12-03,Mexican Peso,55114,50930,4184
2024-12-10,Mexican Peso,61643,53715,7928
2024-12-17,Mexican Peso,55529,40915,14614
2024-12-24,Mexican Peso,63168,44325,18843
2024-12-31,Mexican Peso,68458,47787,20671
2025-01-07,Mexican Peso,60139,47748,12391
2025-01-14,Mexican Peso,57188,51191,5997
2025-01-21,Mexican Peso,47985,49529,-1544
2025-01-28,Mexican Peso,46601,41377,5224
2025-02-04,Mexican Peso,61459,49197,12262
2025-02-11,Mexican Peso,59388,43538,15850
2025-02-18,Mexican Peso,63852,49179,14673
2025-02-25,Mexican Peso,70337,41607,28730
2025-03-04,Mexican Peso,65679,46223,19456
2025-03-11,Mexican Peso,75519,45433,30086
2025-03-18,Mexican Peso,93583,37631,55952
2025-03-25,Mexican Peso,89477,30438,59039
2025-04-01,Mexican Peso,86757,35677,51080
2025-04-08,Mexican Peso,80167,41085,39082
2025-04-15,Mexican Peso,67550,34281,33269
2025-04-22,Mexican Peso,67624,26459,41165
2025-04-29,Mexican Peso,83287,23775,59512
2024-04-30,Nasdaq 100,61315,60780,535
2024-05-07,Nasdaq 100,65707,60326,5381
2024-05-14,Nasdaq 100,68568,64269,4299
2024-05-21,Nasdaq 100,68390,62493,5897
2024-05-28,Nasdaq 100,68455,70512,-2057
2024-06-04,Nasdaq 100,60959,58991,1968
2024-06-11,Nasdaq 100,61336,67264,-5928
2024-06-18,Nasdaq 100,66122,67610,-1488
2024-06-25,Nasdaq 100,69542,61187,8355
2024-07-02,Nasdaq 100,71783,58499,13284
2024-07-09,Nasdaq 100,67705,60099,7606
2024-07-16,Nasdaq 100,65921,59747,6174
2024-07-23,Nasdaq 100,53388,54846,-1458
2024-07-30,Nasdaq 100,49794,48827,967
2024-08-06,Nasdaq 100,50648,37350,13298
2024-08-13,Nasdaq 100,48230,38686,9544
2024-08-20,Nasdaq 100,54107,42604,11503
2024-08-27,Nasdaq 100,63961,42785,21176
2024-09-03,Nasdaq 100,67374,40514,26860
2024-09-10,Nasdaq 100,68433,41001,27432
2024-09-17,Nasdaq 100,65981,45380,20601
2024-09-24,Nasdaq 100,51747,37005,14742
2024-10-01,Nasdaq 100,56071,41463,14608
2024-10-08,Nasdaq 100,56872,44725,12147
2024-10-15,Nasdaq 100,46829,47384,-555
2024-10-22,Nasdaq 100,49104,47732,1372
2024-10-29,Nasdaq 100,56266,51971,4295
2024-11-05,Nasdaq 100,61284,45850,15434
2024-11-12,Nasdaq 100,68657,51908,16749
2024-11-19,Nasdaq 100,61892,43812,18080
2024-11-26,Nasdaq 100,68024,49586,18438
2024-12-03,Nasdaq 100,82241,52777,29464
2024-12-10,Nasdaq 100,84419,48915,35504
2024-12-17,Nasdaq 100,85940,50256,35684
2024-12-24,Nasdaq 100,78928,50836,28092
2024-12-31,Nasdaq 100,73675,50005,23670
2025-01-07,Nasdaq 100,70285,52119,18166
2025-01-14,Nasdaq 100,62016,52315,9701
2025-01-21,Nasdaq 100,69166,50343,18823
2025-01-28,Nasdaq 100,81725,49885,31840
2025-02-04,Nasdaq 100,70683,50690,19993
2025-02-11,Nasdaq 100,68694,53824,14870
2025-02-18,Nasdaq 100,82935,71129,11806
2025-02-25,Nasdaq 100,77286,53870,23416
2025-03-04,Nasdaq 100,73119,54189,18930
2025-03-11,Nasdaq 100,73775,55056,18719
2025-03-18,Nasdaq 100,66391,47613,18778
2025-03-25,Nasdaq 100,61737,52096,9641
2025-04-01,Nasdaq 100,67567,53417,14150
2025-04-08,Nasdaq 100,67502,48219,19283
2025-04-15,Nasdaq 100,62942,39845,23097
2025-04-22,Nasdaq 100,66624,38766,27858
2025-04-29,Nasdaq 100,65524,47148,18376
2024-05-14,Oats,1340,198,1142
2024-06-04,Oats,1309,101,1208
2024-06-18,Oats,768,744,24
2024-06-25,Oats,778,1272,-494
2024-07-02,Oats,783,1445,-662
2024-07-09,Oats,625,1746,-1121
2024-07-16,Oats,732,1992,-1260
2024-07-23,Oats,623,1966,-1343
2024-07-30,Oats,616,1877,-1261
2024-08-06,Oats,523,1800,-1277
2024-08-13,Oats,587,1940,-1353
2024-08-20,Oats,545,2067,-1522
2024-08-27,Oats,718,1874,-1156
2024-09-03,Oats,802,1595,-793
2024-09-10,Oats,855,696,159
2024-09-17,Oats,770,264,506
2024-09-24,Oats,1125,388,737
2024-10-01,Oats,1222,403,819
2024-10-08,Oats,1357,382,975
2024-11-05,Oats,1743,1,1742
2024-11-12,Oats,1617,7,1610
2024-11-19,Oats,1320,15,1305
2024-04-30,Palladium,5433,16503,-11070
2024-05-07,Palladium,5823,16911,-11088
2024-05-14,Palladium,6110,17010,-10900
2024-05-21,Palladium,6222,16646,-10424
2024-05-28,Palladium,6257,17336,-11079
2024-06-04,Palladium,7342,20014,-12672
2024-06-11,Palladium,7262,21176,-13914
2024-06-18,Palladium,9296,22852,-13556
2024-06-25,Palladium,8224,21130,-12906
2024-07-02,Palladium,7780,18465,-10685
2024-07-09,Palladium,5946,15503,-9557
2024-07-16,Palladium,5938,16389,-10451
2024-07-23,Palladium,8589,20844,-12255
2024-07-30,Palladium,9869,22960,-13091
2024-08-06,Palladium,9677,22921,-13244
2024-08-13,Palladium,8843,21067,-12224
2024-08-20,Palladium,8440,20705,-12265
2024-08-27,Palladium,7074,18934,-11860
2024-09-03,Palladium,6145,17778,-11633
2024-09-10,Palladium,6245,17233,-10988
2024-09-17,Palladium,5102,12102,-7000
2024-09-24,Palladium,5867,12600,-6733
2024-10-01,Palladium,5070,12933,-7863
2024-10-08,Palladium,4882,12199,-7317
2024-10-15,Palladium,4537,11235,-6698
2024-10-22,Palladium,4633,9713,-5080
2024-10-29,Palladium,6578,9031,-2453
2024-11-05,Palladium,6398,10065,-3667
2024-11-12,Palladium,4667,10980,-6313
2024-11-19,Palladium,4726,11020,-6294
2024-11-26,Palladium,4671,10323,-5652
2024-12-03,Palladium,5402,11045,-5643
2024-12-10,Palladium,5205,11234,-6029
2024-12-17,Palladium,5633,12944,-7311
2024-12-24,Palladium,6436,14525,-8089
2024-12-31,Palladium,7004,15675,-8671
2025-01-07,Palladium,7982,17096,-9114
2025-01-14,Palladium,7855,16185,-8330
2025-01-21,Palladium,7121,15157,-8036
2025-01-28,Palladium,5593,12677,-7084
2025-02-04,Palladium,5853,11977,-6124
2025-02-11,Palladium,7014,13588,-6574
2025-02-18,Palladium,7021,12652,-5631
2025-02-25,Palladium,6692,14826,-8134
2025-03-04,Palladium,7984,16503,-8519
2025-03-11,Palladium,8188,16704,-8516
2025-03-18,Palladium,8198,16697,-8499
2025-03-25,Palladium,8436,16745,-8309
2025-04-01,Palladium,7964,15828,-7864
2025-04-08,Palladium,7832,18560,-10728
2025-04-15,Palladium,7362,17370,-10008
2025-04-22,Palladium,6365,17208,-10843
2025-04-29,Palladium,6233,17151,-10918
2024-04-30,Platinum,42532,35735,6797
2024-05-07,Platinum,45232,31572,13660
2024-05-14,Platinum,53314,28867,24447
2024-05-21,Platinum,58479,30830,27649
2024-05-28,Platinum,58272,30705,27567
2024-06-04,Platinum,56389,33823,22566
2024-06-11,Platinum,47463,31765,15698
2024-06-18,Platinum,43302,27438,15864
2024-06-25,Platinum,43196,22593,20603
2024-07-02,Platinum,45032,21076,23956
2024-07-09,Platinum,47350,24684,22666
2024-07-16,Platinum,48962,27014,21948
2024-07-23,Platinum,40902,28694,12208
2024-07-30,Platinum,42595,28281,14314
2024-08-06,Platinum,44391,34100,10291
2024-08-13,Platinum,46287,34348,11939
2024-08-20,Platinum,45980,31154,14826
2024-08-27,Platinum,42951,27218,15733
2024-09-03,Platinum,41924,40536,1388
2024-09-10,Platinum,45427,35424,10003
2024-09-17,Platinum,42679,20701,21978
2024-09-24,Platinum,46103,21702,24401
2024-10-01,Platinum,46316,18184,28132
2024-10-08,Platinum,46339,22682,23657
2024-10-15,Platinum,46523,18136,28387
2024-10-22,Platinum,53816,18940,34876
2024-10-29,Platinum,57500,21957,35543
2024-11-05,Platinum,55780,26739,29041
2024-11-12,Platinum,53283,33050,20233
2024-11-19,Platinum,55437,32761,22676
2024-11-26,Platinum,54467,35807,18660
2024-12-03,Platinum,55415,34929,20486
2024-12-10,Platinum,54105,39276,14829
2024-12-17,Platinum,56233,42489,13744
2024-12-24,Platinum,57368,41720,15648
2024-12-31,Platinum,52623,46967,5656
2025-01-07,Platinum,56439,38592,17847
2025-01-14,Platinum,47098,31538,15560
2025-01-21,Platinum,48605,33997,14608
2025-01-28,Platinum,46600,33227,13373
2025-02-04,Platinum,45676,26701,18975
2025-02-11,Platinum,54600,28870,25730
2025-02-18,Platinum,58829,35292,23537
2025-02-25,Platinum,52850,36674,16176
2025-03-04,Platinum,48163,34311,13852
2025-03-11,Platinum,46531,30783,15748
2025-03-18,Platinum,49545,29038,20507
2025-03-25,Platinum,48416,34858,13558
2025-04-01,Platinum,49449,34474,14975
2025-04-08,Platinum,43763,44557,-794
2025-04-15,Platinum,44827,38793,6034
2025-04-22,Platinum,45094,39417,5677
2025-04-29,Platinum,45794,35832,9962
2024-04-30,Rough Rice,3410,625,2785
2024-05-07,Rough Rice,3737,570,3167
2024-05-14,Rough Rice,3555,419,3136
2024-05-21,Rough Rice,3600,414,3186
2024-05-28,Rough Rice,3533,600,2933
2024-06-04,Rough Rice,2400,926,1474
2024-06-11,Rough Rice,2484,1427,1057
2024-06-18,Rough Rice,2579,1332,1247
2024-06-25,Rough Rice,2707,1090,1617
2024-07-02,Rough Rice,2657,1208,1449
2024-07-09,Rough Rice,2667,1913,754
2024-07-16,Rough Rice,2818,2585,233
2024-07-23,Rough Rice,3070,3533,-463
2024-07-30,Rough Rice,2749,2760,-11
2024-08-06,Rough Rice,2429,2121,308
2024-08-13,Rough Rice,2541,2124,417
2024-08-20,Rough Rice,2477,2382,95
2024-08-27,Rough Rice,2222,2488,-266
2024-09-03,Rough Rice,2412,2801,-389
2024-09-10,Rough Rice,2511,2393,118
2024-09-17,Rough Rice,2136,2039,97
2024-09-24,Rough Rice,2604,1312,1292
2024-10-01,Rough Rice,2587,1282,1305
2024-10-08,Rough Rice,2648,1181,1467
2024-10-15,Rough Rice,2846,1154,1692
2024-10-22,Rough Rice,2857,1514,1343
2024-10-29,Rough Rice,2284,1914,370
2024-11-05,Rough Rice,2243,3961,-1718
2024-11-12,Rough Rice,2651,5271,-2620
2024-11-19,Rough Rice,2521,4165,-1644
2024-11-26,Rough Rice,2197,3569,-1372
2024-12-03,Rough Rice,2167,2899,-732
2024-12-10,Rough Rice,2221,2573,-352
2024-12-17,Rough Rice,2019,2444,-425
2024-12-24,Rough Rice,2271,4406,-2135
2024-12-31,Rough Rice,2209,5540,-3331
2025-01-07,Rough Rice,2315,6390,-4075
2025-01-14,Rough Rice,2275,5929,-3654
2025-01-21,Rough Rice,2398,5009,-2611
2025-01-28,Rough Rice,2357,3842,-1485
2025-02-04,Rough Rice,2343,5475,-3132
2025-02-11,Rough Rice,2459,6480,-4021
2025-02-18,Rough Rice,2310,5935,-3625
2025-02-25,Rough Rice,2173,6237,-4064
2025-03-04,Rough Rice,2152,6826,-4674
2025-03-11,Rough Rice,2128,6243,-4115
2025-03-18,Rough Rice,2398,6230,-3832
2025-03-25,Rough Rice,2660,6693,-4033
2025-04-01,Rough Rice,2594,7009,-4415
2025-04-08,Rough Rice,2484,7255,-4771
2025-04-15,Rough Rice,2232,6203,-3971
2025-04-22,Rough Rice,2119,5891,-3772
2025-04-29,Rough Rice,2455,6683,-4228
2024-04-30,Russell 2000,70255,110544,-40289
2024-05-07,Russell 2000,72277,110277,-38000
2024-05-14,Russell 2000,82124,114191,-32067
2024-05-21,Russell 2000,78859,116443,-37584
2024-05-28,Russell 2000,82901,116746,-33845
2024-06-04,Russell 2000,86068,120423,-34355
2024-06-11,Russell 2000,76092,114387,-38295
2024-06-18,Russell 2000,61396,119244,-57848
2024-06-25,Russell 2000,59883,109904,-50021
2024-07-02,Russell 2000,57367,132802,-75435
2024-07-09,Russell 2000,55367,122993,-67626
2024-07-16,Russell 2000,89656,136993,-47337
2024-07-23,Russell 2000,68424,125507,-57083
2024-07-30,Russell 2000,74723,108708,-33985
2024-08-06,Russell 2000,70303,72898,-2595
2024-08-13,Russell 2000,65225,78481,-13256
2024-08-20,Russell 2000,64562,91689,-27127
2024-08-27,Russell 2000,66764,82045,-15281
2024-09-03,Russell 2000,77438,77178,260
2024-09-10,Russell 2000,88136,82409,5727
2024-09-17,Russell 2000,78186,75200,2986
2024-09-24,Russell 2000,85342,63435,21907
2024-10-01,Russell 2000,85570,65221,20349
2024-10-08,Russell 2000,78784,73777,5007
2024-10-15,Russell 2000,94562,68225,26337
2024-10-22,Russell 2000,81666,62879,18787
2024-10-29,Russell 2000,78765,66822,11943
2024-11-05,Russell 2000,80594,71802,8792
2024-11-12,Russell 2000,81169,72775,8394
2024-11-19,Russell 2000,77154,74009,3145
2024-11-26,Russell 2000,68400,71012,-2612
2024-12-03,Russell 2000,65152,76726,-11574
2024-12-10,Russell 2000,74100,76257,-2157
2024-12-17,Russell 2000,72290,72706,-416
2024-12-24,Russell 2000,60575,62243,-1668
2024-12-31,Russell 2000,64463,66613,-2150
2025-01-07,Russell 2000,69151,72335,-3184
2025-01-14,Russell 2000,67859,68954,-1095
2025-01-21,Russell 2000,50530,71557,-21027
2025-01-28,Russell 2000,49368,71403,-22035
2025-02-04,Russell 2000,44118,71616,-27498
2025-02-11,Russell 2000,41084,73548,-32464
2025-02-18,Russell 2000,42482,72288,-29806
2025-02-25,Russell 2000,51610,72941,-21331
2025-03-04,Russell 2000,66840,71414,-4574
2025-03-11,Russell 2000,77188,82364,-5176
2025-03-18,Russell 2000,74922,85130,-10208
2025-03-25,Russell 2000,63721,79066,-15345
2025-04-01,Russell 2000,70029,87200,-17171
2025-04-08,Russell 2000,85645,98390,-12745
2025-04-15,Russell 2000,82713,82034,679
2025-04-22,Russell 2000,83303,90022,-6719
2025-04-29,Russell 2000,84850,85256,-406
2024-04-30,S&P 500,272813,229680,43133
2024-05-07,S&P 500,262778,272473,-9695
2024-05-14,S&P 500,273398,298682,-25284
2024-05-21,S&P 500,304226,327000,-22774
2024-05-28,S&P 500,330937,333145,-2208
2024-06-04,S&P 500,265433,330433,-65000
2024-06-11,S&P 500,270380,381794,-111414
2024-06-18,S&P 500,314990,429100,-114110
2024-06-25,S&P 500,271908,337155,-65247
2024-07-02,S&P 500,317417,329225,-11808
2024-07-09,S&P 500,309758,364769,-55011
2024-07-16,S&P 500,333866,399310,-65444
2024-07-23,S&P 500,336386,349607,-13221
2024-07-30,S&P 500,335181,323225,11956
2024-08-06,S&P 500,326376,292386,33990
2024-08-13,S&P 500,285987,309438,-23451
2024-08-20,S&P 500,277634,362437,-84803
2024-08-27,S&P 500,302165,384073,-81908
2024-09-03,S&P 500,322215,371034,-48819
2024-09-10,S&P 500,337420,396808,-59388
2024-09-17,S&P 500,298516,421464,-122948
2024-09-24,S&P 500,289938,325691,-35753
2024-10-01,S&P 500,310708,303163,7545
2024-10-08,S&P 500,322686,328330,-5644
2024-10-15,S&P 500,350227,322092,28135
2024-10-22,S&P 500,360779,337798,22981
2024-10-29,S&P 500,366915,304217,62698
2024-11-05,S&P 500,374881,261441,113440
2024-11-12,S&P 500,360987,335986,25001
2024-11-19,S&P 500,348339,313428,34911
2024-11-26,S&P 500,266965,345859,-78894
2024-12-03,S&P 500,257606,366216,-108610
2024-12-10,S&P 500,288876,372209,-83333
2024-12-17,S&P 500,313420,353282,-39862
2024-12-24,S&P 500,274748,338539,-63791
2024-12-31,S&P 500,259743,316545,-56802
2025-01-07,S&P 500,264667,326870,-62203
2025-01-14,S&P 500,256358,286900,-30542
2025-01-21,S&P 500,263815,339530,-75715
2025-01-28,S&P 500,252595,308749,-56154
2025-02-04,S&P 500,306741,311558,-4817
2025-02-11,S&P 500,333661,350770,-17109
2025-02-18,S&P 500,313105,353071,-39966
2025-02-25,S&P 500,300949,333728,-32779
2025-03-04,S&P 500,366510,334407,32103
2025-03-11,S&P 500,378925,298312,80613
2025-03-18,S&P 500,342952,274641,68311
2025-03-25,S&P 500,263754,317116,-53362
2025-04-01,S&P 500,300366,319388,-19022
2025-04-08,S&P 500,321451,350138,-28687
2025-04-15,S&P 500,254206,317303,-63097
2025-04-22,S&P 500,260930,336865,-75935
2025-04-29,S&P 500,240096,318762,-78666
2024-04-30,S&P 500 Micro,138979,63531,75448
2024-05-07,S&P 500 Micro,155301,63323,91978
2024-05-14,S&P 500 Micro,160825,73177,87648
2024-05-21,S&P 500 Micro,173053,83012,90041
2024-05-28,S&P 500 Micro,167110,83096,84014
2024-06-04,S&P 500 Micro,193728,75616,118112
2024-06-11,S&P 500 Micro,210483,74387,136096
2024-06-18,S&P 500 Micro,205914,63742,142172
2024-06-25,S&P 500 Micro,21671,30251,-8580
2024-07-02,S&P 500 Micro,23663,31706,-8043
2024-07-09,S&P 500 Micro,31972,38955,-6983
2024-07-16,S&P 500 Micro,27713,53995,-26282
2024-07-23,S&P 500 Micro,20472,49202,-28730
2024-07-30,S&P 500 Micro,24904,67070,-42166
2024-08-06,S&P 500 Micro,16180,76681,-60501
2024-08-13,S&P 500 Micro,21287,79400,-58113
2024-08-20,S&P 500 Micro,26031,99579,-73548
2024-08-27,S&P 500 Micro,23184,99438,-76254
2024-09-03,S&P 500 Micro,30012,90029,-60017
2024-09-10,S&P 500 Micro,27548,86604,-59056
2024-09-17,S&P 500 Micro,31143,82529,-51386
2024-09-24,S&P 500 Micro,19097,22894,-3797
2024-10-01,S&P 500 Micro,27695,23148,4547
2024-10-08,S&P 500 Micro,35779,27657,8122
2024-10-15,S&P 500 Micro,57877,32444,25433
2024-10-22,S&P 500 Micro,60344,38531,21813
2024-10-29,S&P 500 Micro,79651,22995,56656
2024-11-05,S&P 500 Micro,93010,21600,71410
2024-11-12,S&P 500 Micro,110886,24307,86579
2024-11-19,S&P 500 Micro,105738,30337,75401
2024-11-26,S&P 500 Micro,128644,43293,85351
2024-12-03,S&P 500 Micro,133006,43022,89984
2024-12-10,S&P 500 Micro,137971,45804,92167
2024-12-17,S&P 500 Micro,150830,37827,113003
2024-12-24,S&P 500 Micro,6806,13857,-7051
2024-12-31,S&P 500 Micro,12361,16850,-4489
2025-01-07,S&P 500 Micro,18605,31946,-13341
2025-01-14,S&P 500 Micro,17867,40990,-23123
2025-01-21,S&P 500 Micro,21123,43941,-22818
2025-01-28,S&P 500 Micro,39720,57191,-17471
2025-02-04,S&P 500 Micro,48663,61218,-12555
2025-02-11,S&P 500 Micro,61148,58620,2528
2025-02-18,S&P 500 Micro,70977,71816,-839
2025-02-25,S&P 500 Micro,86150,85557,593
2025-03-04,S&P 500 Micro,108671,81587,27084
2025-03-11,S&P 500 Micro,132247,85260,46987
2025-03-18,S&P 500 Micro,153527,83718,69809
2025-03-25,S&P 500 Micro,10821,19439,-8618
2025-04-01,S&P 500 Micro,13220,33913,-20693
2025-04-08,S&P 500 Micro,19783,43444,-23661
2025-04-15,S&P 500 Micro,30616,39868,-9252
2025-04-22,S&P 500 Micro,30736,30135,601
2025-04-29,S&P 500 Micro,38828,44472,-5644
2024-04-30,Soybean Meal,130740,98621,32119
2024-05-07,Soybean Meal,139373,65403,73970
2024-05-14,Soybean Meal,150611,67826,82785
2024-05-21,Soybean Meal,153997,64723,89274
2024-05-28,Soybean Meal,167296,52775,114521
2024-06-04,Soybean Meal,151919,54511,97408
2024-06-11,Soybean Meal,142409,49875,92534
2024-06-18,Soybean Meal,151374,49942,101432
2024-06-25,Soybean Meal,148158,58177,89981
2024-07-02,Soybean Meal,147818,71185,76633
2024-07-09,Soybean Meal,143642,77288,66354
2024-07-16,Soybean Meal,131194,97570,33624
2024-07-23,Soybean Meal,125500,101600,23900
2024-07-30,Soybean Meal,127647,89953,37694
2024-08-06,Soybean Meal,125998,82907,43091
2024-08-13,Soybean Meal,110758,101343,9415
2024-08-20,Soybean Meal,118191,104617,13574
2024-08-27,Soybean Meal,118177,101128,17049
2024-09-03,Soybean Meal,122853,93838,29015
2024-09-10,Soybean Meal,119265,80367,38898
2024-09-17,Soybean Meal,123866,80578,43288
2024-09-24,Soybean Meal,135949,73070,62879
2024-10-01,Soybean Meal,163056,59034,104022
2024-10-08,Soybean Meal,160991,61144,99847
2024-10-15,Soybean Meal,147108,85223,61885
2024-10-22,Soybean Meal,151196,82728,68468
2024-10-29,Soybean Meal,138571,111446,27125
2024-11-05,Soybean Meal,140103,125779,14324
2024-11-12,Soybean Meal,147784,135278,12506
2024-11-19,Soybean Meal,145560,161816,-16256
2024-11-26,Soybean Meal,133355,169187,-35832
2024-12-03,Soybean Meal,132664,166634,-33970
2024-12-10,Soybean Meal,135659,164887,-29228
2024-12-17,Soybean Meal,130356,175200,-44844
2024-12-24,Soybean Meal,124940,171735,-46795
2024-12-31,Soybean Meal,121574,143925,-22351
2025-01-07,Soybean Meal,104534,130695,-26161
2025-01-14,Soybean Meal,97806,127832,-30026
2025-01-21,Soybean Meal,99189,127787,-28598
2025-01-28,Soybean Meal,95385,119893,-24508
2025-02-04,Soybean Meal,103159,103850,-691
2025-02-11,Soybean Meal,102087,116054,-13967
2025-02-18,Soybean Meal,103866,125462,-21596
2025-02-25,Soybean Meal,96388,132500,-36112
2025-03-04,Soybean Meal,100013,155917,-55904
2025-03-11,Soybean Meal,100704,145912,-45208
2025-03-18,Soybean Meal,105300,137507,-32207
2025-03-25,Soybean Meal,100370,149648,-49278
2025-04-01,Soybean Meal,108052,162352,-54300
2025-04-08,Soybean Meal,117689,163404,-45715
2025-04-15,Soybean Meal,113956,138092,-24136
2025-04-22,Soybean Meal,114769,145745,-30976
2025-04-29,Soybean Meal,112251,165985,-53734
2024-04-30,Soybean Oil,109597,166039,-56442
2024-05-07,Soybean Oil,113697,165250,-51553
2024-05-14,Soybean Oil,109303,159835,-50532
2024-05-21,Soybean Oil,109680,145958,-36278
2024-05-28,Soybean Oil,112590,140854,-28264
2024-06-04,Soybean Oil,114518,151103,-36585
2024-06-11,Soybean Oil,116384,165335,-48951
2024-06-18,Soybean Oil,127037,174223,-47186
2024-06-25,Soybean Oil,119940,195679,-75739
2024-07-02,Soybean Oil,125106,155866,-30760
2024-07-09,Soybean Oil,113261,106784,6477
2024-07-16,Soybean Oil,112712,110681,2031
2024-07-23,Soybean Oil,114147,121122,-6975
2024-07-30,Soybean Oil,115820,152698,-36878
2024-08-06,Soybean Oil,115500,164666,-49166
2024-08-13,Soybean Oil,122456,171819,-49363
2024-08-20,Soybean Oil,133857,176527,-42670
2024-08-27,Soybean Oil,129368,159161,-29793
2024-09-03,Soybean Oil,133596,141901,-8305
2024-09-10,Soybean Oil,137649,142518,-4869
2024-09-17,Soybean Oil,141892,150789,-8897
2024-09-24,Soybean Oil,142191,123793,18398
2024-10-01,Soybean Oil,150223,100029,50194
2024-10-08,Soybean Oil,150758,90499,60259
2024-10-15,Soybean Oil,142778,89973,52805
2024-10-22,Soybean Oil,149472,80440,69032
2024-10-29,Soybean Oil,153757,89412,64345
2024-11-05,Soybean Oil,161106,84568,76538
2024-11-12,Soybean Oil,181752,84527,97225
2024-11-19,Soybean Oil,161005,92841,68164
2024-11-26,Soybean Oil,134723,99230,35493
2024-12-03,Soybean Oil,138699,111871,26828
2024-12-10,Soybean Oil,144344,101481,42863
2024-12-17,Soybean Oil,142261,108911,33350
2024-12-24,Soybean Oil,138610,122853,15757
2024-12-31,Soybean Oil,137952,132196,5756
2025-01-07,Soybean Oil,141860,136060,5800
2025-01-14,Soybean Oil,132019,97616,34403
2025-01-21,Soybean Oil,123527,85026,38501
2025-01-28,Soybean Oil,115448,67281,48167
2025-02-04,Soybean Oil,121346,67751,53595
2025-02-11,Soybean Oil,124887,69719,55168
2025-02-18,Soybean Oil,136977,74328,62649
2025-02-25,Soybean Oil,126301,81984,44317
2025-03-04,Soybean Oil,112638,98148,14490
2025-03-11,Soybean Oil,116061,117607,-1546
2025-03-18,Soybean Oil,119091,128925,-9834
2025-03-25,Soybean Oil,117284,140633,-23349
2025-04-01,Soybean Oil,127743,115659,12084
2025-04-08,Soybean Oil,125853,77143,48710
2025-04-15,Soybean Oil,123756,68161,55595
2025-04-22,Soybean Oil,133444,73053,60391
2025-04-29,Soybean Oil,151088,80923,70165
2024-04-30,Soybeans,92100,254443,-162343
2024-05-07,Soybeans,123324,183372,-60048
2024-05-14,Soybeans,112139,178114,-65975
2024-05-21,Soybeans,120057,165039,-44982
2024-05-28,Soybeans,129688,155596,-25908
2024-06-04,Soybeans,128076,180065,-51989
2024-06-11,Soybeans,132626,188971,-56345
2024-06-18,Soybeans,141870,216172,-74302
2024-06-25,Soybeans,132269,243448,-111179
2024-07-02,Soybeans,123047,245261,-122214
2024-07-09,Soybeans,124357,274507,-150150
2024-07-16,Soybeans,135252,296755,-161503
2024-07-23,Soybeans,141415,279838,-138423
2024-07-30,Soybeans,111578,279478,-167900
2024-08-06,Soybeans,111259,270387,-159128
2024-08-13,Soybeans,118322,284045,-165723
2024-08-20,Soybeans,105737,284630,-178893
2024-08-27,Soybeans,108772,293038,-184266
2024-09-03,Soybeans,111107,273132,-162025
2024-09-10,Soybeans,105764,249995,-144231
2024-09-17,Soybeans,111373,246011,-134638
2024-09-24,Soybeans,118946,212377,-93431
2024-10-01,Soybeans,129529,203226,-73697
2024-10-08,Soybeans,144361,195547,-51186
2024-10-15,Soybeans,154755,220134,-65379
2024-10-22,Soybeans,157837,236132,-78295
2024-10-29,Soybeans,145891,237951,-92060
2024-11-05,Soybeans,151032,240015,-88983
2024-11-12,Soybeans,161342,238455,-77113
2024-11-19,Soybeans,168134,254465,-86331
2024-11-26,Soybeans,159925,265862,-105937
2024-12-03,Soybeans,158897,257381,-98484
2024-12-10,Soybeans,160946,247162,-86216
2024-12-17,Soybeans,156034,265363,-109329
2024-12-24,Soybeans,159460,264378,-104918
2024-12-31,Soybeans,161103,231021,-69918
2025-01-07,Soybeans,160940,210941,-50001
2025-01-14,Soybeans,186047,171529,14518
2025-01-21,Soybeans,187255,168706,18549
2025-01-28,Soybeans,182713,151362,31351
2025-02-04,Soybeans,182119,144953,37166
2025-02-11,Soybeans,170362,163581,6781
2025-02-18,Soybeans,166913,172555,-5642
2025-02-25,Soybeans,160652,171202,-10550
2025-03-04,Soybeans,161354,195637,-34283
2025-03-11,Soybeans,165758,177898,-12140
2025-03-18,Soybeans,167323,175600,-8277
2025-03-25,Soybeans,161713,176123,-14410
2025-04-01,Soybeans,158653,162165,-3512
2025-04-08,Soybeans,162286,179134,-16848
2025-04-15,Soybeans,182824,132663,50161
2025-04-22,Soybeans,191535,135851,55684
2025-04-29,Soybeans,184167,124694,59473
2024-11-26,Spring Wheat Mpls,14672,39985,-25313
2024-12-03,Spring Wheat Mpls,14893,42290,-27397
2024-12-10,Spring Wheat Mpls,15597,41458,-25861
2024-12-17,Spring Wheat Mpls,17522,40669,-23147
2024-12-24,Spring Wheat Mpls,17203,42856,-25653
2024-12-31,Spring Wheat Mpls,17608,42793,-25185
2025-01-07,Spring Wheat Mpls,16010,44103,-28093
2025-01-14,Spring Wheat Mpls,17608,44709,-27101
2025-01-21,Spring Wheat Mpls,20598,44026,-23428
2025-01-28,Spring Wheat Mpls,23115,41891,-18776
2025-02-04,Spring Wheat Mpls,23503,35541,-12038
2025-02-11,Spring Wheat Mpls,18491,27584,-9093
2025-02-18,Spring Wheat Mpls,18196,23349,-5153
2025-02-25,Spring Wheat Mpls,17007,20346,-3339
2025-03-04,Spring Wheat Mpls,16455,32740,-16285
2025-03-11,Spring Wheat Mpls,16018,39137,-23119
2025-03-18,Spring Wheat Mpls,20800,38572,-17772
2025-03-25,Spring Wheat Mpls,17779,37166,-19387
2025-04-01,Spring Wheat Mpls,18550,42914,-24364
2025-04-08,Spring Wheat Mpls,16507,41622,-25115
2025-04-15,Spring Wheat Mpls,14686,32376,-17690
2025-04-22,Spring Wheat Mpls,14600,30923,-16323
2025-04-29,Spring Wheat Mpls,14985,34648,-19663
2024-04-30,Sugar,199571,159266,40305
2024-05-07,Sugar,200063,171502,28561
2024-05-14,Sugar,209791,183900,25891
2024-05-21,Sugar,203079,194658,8421
2024-05-28,Sugar,203331,198226,5105
2024-06-04,Sugar,193811,197851,-4040
2024-06-11,Sugar,194930,183860,11070
2024-06-18,Sugar,177819,159295,18524
2024-06-25,Sugar,180313,143126,37187
2024-07-02,Sugar,181116,116258,64858
2024-07-09,Sugar,175342,107323,68019
2024-07-16,Sugar,177958,110369,67589
2024-07-23,Sugar,177323,142078,35245
2024-07-30,Sugar,185165,148686,36479
2024-08-06,Sugar,186989,161174,25815
2024-08-13,Sugar,188878,154316,34562
2024-08-20,Sugar,188316,169012,19304
2024-08-27,Sugar,188930,141015,47915
2024-09-03,Sugar,185306,112504,72802
2024-09-10,Sugar,176409,113006,63403
2024-09-17,Sugar,174439,102189,72250
2024-09-24,Sugar,197713,82330,115383
2024-10-01,Sugar,230838,101377,129461
2024-10-08,Sugar,230158,127072,103086
2024-10-15,Sugar,233674,128201,105473
2024-10-22,Sugar,226981,133430,93551
2024-10-29,Sugar,222539,139696,82843
2024-11-05,Sugar,216399,138178,78221
2024-11-12,Sugar,213319,145197,68122
2024-11-19,Sugar,220130,148392,71738
2024-11-26,Sugar,224726,148632,76094
2024-12-03,Sugar,228964,140649,88315
2024-12-10,Sugar,237266,139939,97327
2024-12-17,Sugar,221468,153285,68183
2024-12-24,Sugar,225306,165212,60094
2024-12-31,Sugar,228766,183647,45119
2025-01-07,Sugar,232677,182850,49827
2025-01-14,Sugar,228583,214421,14162
2025-01-21,Sugar,231219,262686,-31467
2025-01-28,Sugar,230941,260375,-29434
2025-02-04,Sugar,227314,260423,-33109
2025-02-11,Sugar,231941,258467,-26526
2025-02-18,Sugar,205612,226319,-20707
2025-02-25,Sugar,206226,172735,33491
2025-03-04,Sugar,191009,165000,26009
2025-03-11,Sugar,184219,175480,8739
2025-03-18,Sugar,189131,157329,31802
2025-03-25,Sugar,211369,159327,52042
2025-04-01,Sugar,212886,159813,53073
2025-04-08,Sugar,196237,151410,44827
2025-04-15,Sugar,188422,158608,29814
2025-04-22,Sugar,193078,159843,33235
2025-04-29,Sugar,196828,158063,38765
2024-04-30,Swiss Franc,11040,52826,-41786
2024-05-07,Swiss Franc,9237,51024,-41787
2024-05-14,Swiss Franc,6646,47753,-41107
2024-05-21,Swiss Franc,7688,48333,-40645
2024-05-28,Swiss Franc,8943,53309,-44366
2024-06-04,Swiss Franc,7751,53514,-45763
2024-06-11,Swiss Franc,7698,50561,-42863
2024-06-18,Swiss Franc,6474,43864,-37390
2024-06-25,Swiss Franc,6506,41563,-35057
2024-07-02,Swiss Franc,6179,49622,-43443
2024-07-09,Swiss Franc,5338,51426,-46088
2024-07-16,Swiss Franc,6491,56284,-49793
2024-07-23,Swiss Franc,5619,47856,-42237
2024-07-30,Swiss Franc,7514,42034,-34520
2024-08-06,Swiss Franc,9570,31643,-22073
2024-08-13,Swiss Franc,9155,30819,-21664
2024-08-20,Swiss Franc,7600,33314,-25714
2024-08-27,Swiss Franc,9873,34485,-24612
2024-09-03,Swiss Franc,8822,30704,-21882
2024-09-10,Swiss Franc,8082,29386,-21304
2024-09-17,Swiss Franc,8579,25687,-17108
2024-09-24,Swiss Franc,7501,26791,-19290
2024-10-01,Swiss Franc,6550,29404,-22854
2024-10-08,Swiss Franc,7619,30078,-22459
2024-10-15,Swiss Franc,6834,32995,-26161
2024-10-22,Swiss Franc,5789,38443,-32654
2024-10-29,Swiss Franc,7092,41090,-33998
2024-11-05,Swiss Franc,8107,38088,-29981
2024-11-12,Swiss Franc,5365,38059,-32694
2024-11-19,Swiss Franc,4036,41107,-37071
2024-11-26,Swiss Franc,4458,44134,-39676
2024-12-03,Swiss Franc,4874,45968,-41094
2024-12-10,Swiss Franc,4796,39788,-34992
2024-12-17,Swiss Franc,16872,38672,-21800
2024-12-24,Swiss Franc,12518,40900,-28382
2024-12-31,Swiss Franc,10507,43320,-32813
2025-01-07,Swiss Franc,7868,45756,-37888
2025-01-14,Swiss Franc,7557,46258,-38701
2025-01-21,Swiss Franc,6526,48363,-41837
2025-01-28,Swiss Franc,4996,47996,-43000
2025-02-04,Swiss Franc,5242,47500,-42258
2025-02-11,Swiss Franc,5553,44298,-38745
2025-02-18,Swiss Franc,7047,45406,-38359
2025-02-25,Swiss Franc,5019,44479,-39460
2025-03-04,Swiss Franc,5572,43347,-37775
2025-03-11,Swiss Franc,5129,42086,-36957
2025-03-18,Swiss Franc,4087,38462,-34375
2025-03-25,Swiss Franc,4178,41771,-37593
2025-04-01,Swiss Franc,4143,46907,-42764
2025-04-08,Swiss Franc,4348,34625,-30277
2025-04-15,Swiss Franc,5280,33864,-28584
2025-04-22,Swiss Franc,5322,30796,-25474
2025-04-29,Swiss Franc,5567,29881,-24314
2024-04-30,U.S. Dollar Index,33593,33628,-35
2024-05-07,U.S. Dollar Index,28881,27028,1853
2024-05-14,U.S. Dollar Index,29682,27247,2435
2024-05-21,U.S. Dollar Index,28292,24774,3518
2024-05-28,U.S. Dollar Index,28325,24151,4174
2024-06-04,U.S. Dollar Index,26803,21916,4887
2024-06-11,U.S. Dollar Index,26458,21445,5013
2024-06-18,U.S. Dollar Index,30205,12610,17595
2024-06-25,U.S. Dollar Index,31947,14425,17522
2024-07-02,U.S. Dollar Index,32776,16194,16582
2024-07-09,U.S. Dollar Index,30587,14379,16208
2024-07-16,U.S. Dollar Index,30327,11777,18550
2024-07-23,U.S. Dollar Index,30196,11976,18220
2024-07-30,U.S. Dollar Index,29973,13015,16958
2024-08-06,U.S. Dollar Index,30996,14860,16136
2024-08-13,U.S. Dollar Index,33686,15150,18536
2024-08-20,U.S. Dollar Index,35452,17861,17591
2024-08-27,U.S. Dollar Index,37377,18464,18913
2024-09-03,U.S. Dollar Index,34725,15296,19429
2024-09-10,U.S. Dollar Index,32116,11906,20210
2024-09-17,U.S. Dollar Index,15897,14099,1798
2024-09-24,U.S. Dollar Index,16524,15565,959
2024-10-01,U.S. Dollar Index,13829,13675,154
2024-10-08,U.S. Dollar Index,15016,16905,-1889
2024-10-15,U.S. Dollar Index,15352,17452,-2100
2024-10-22,U.S. Dollar Index,20118,19207,911
2024-10-29,U.S. Dollar Index,21825,20141,1684
2024-11-05,U.S. Dollar Index,20332,20237,95
2024-11-12,U.S. Dollar Index,22958,25270,-2312
2024-11-19,U.S. Dollar Index,22613,25326,-2713
2024-11-26,U.S. Dollar Index,22960,25759,-2799
2024-12-03,U.S. Dollar Index,21903,24957,-3054
2024-12-10,U.S. Dollar Index,22883,26107,-3224
2024-12-17,U.S. Dollar Index,25145,19504,5641
2024-12-24,U.S. Dollar Index,28539,22047,6492
2024-12-31,U.S. Dollar Index,26598,19721,6877
2025-01-07,U.S. Dollar Index,27958,19313,8645
2025-01-14,U.S. Dollar Index,29512,16783,12729
2025-01-21,U.S. Dollar Index,28811,13939,14872
2025-01-28,U.S. Dollar Index,25372,11172,14200
2025-02-04,U.S. Dollar Index,25203,10664,14539
2025-02-11,U.S. Dollar Index,26261,10965,15296
2025-02-18,U.S. Dollar Index,26729,9961,16768
2025-02-25,U.S. Dollar Index,25906,10174,15732
2025-03-04,U.S. Dollar Index,27785,13047,14738
2025-03-11,U.S. Dollar Index,27969,11134,16835
2025-03-18,U.S. Dollar Index,23657,16469,7188
2025-03-25,U.S. Dollar Index,22699,15231,7468
2025-04-01,U.S. Dollar Index,23640,16599,7041
2025-04-08,U.S. Dollar Index,15487,12574,2913
2025-04-15,U.S. Dollar Index,15722,13894,1828
2025-04-22,U.S. Dollar Index,18696,19670,-974
2025-04-29,U.S. Dollar Index,19093,19542,-449
2024-04-30,Wheat,120889,145345,-24456
2024-05-07,Wheat,122686,140471,-17785
2024-05-14,Wheat,132484,137899,-5415
2024-05-21,Wheat,130514,143036,-12522
2024-05-28,Wheat,127585,141978,-14393
2024-06-04,Wheat,121898,140019,-18121
2024-06-11,Wheat,111810,136836,-25026
2024-06-18,Wheat,117489,144059,-26570
2024-06-25,Wheat,119255,163787,-44532
2024-07-02,Wheat,130176,168866,-38690
2024-07-09,Wheat,131162,165948,-34786
2024-07-16,Wheat,127750,163817,-36067
2024-07-23,Wheat,130610,165225,-34615
2024-07-30,Wheat,128652,171910,-43258
2024-08-06,Wheat,122142,162527,-40385
2024-08-13,Wheat,125365,164270,-38905
2024-08-20,Wheat,134387,160093,-25706
2024-08-27,Wheat,139525,172206,-32681
2024-09-03,Wheat,134551,162293,-27742
2024-09-10,Wheat,126513,142816,-16303
2024-09-17,Wheat,124164,138353,-14189
2024-09-24,Wheat,121819,133909,-12090
2024-10-01,Wheat,122327,128459,-6132
2024-10-08,Wheat,111760,125258,-13498
2024-10-15,Wheat,108406,122120,-13714
2024-10-22,Wheat,111145,128227,-17082
2024-10-29,Wheat,106934,129825,-22891
2024-11-05,Wheat,104711,127252,-22541
2024-11-12,Wheat,105967,144496,-38529
2024-11-19,Wheat,116397,162436,-46039
2024-11-26,Wheat,119626,171818,-52192
2024-12-03,Wheat,125216,186753,-61537
2024-12-10,Wheat,126404,185694,-59290
2024-12-17,Wheat,126968,206308,-79340
2024-12-24,Wheat,132043,219309,-87266
2024-12-31,Wheat,136258,212722,-76464
2025-01-07,Wheat,138397,217871,-79474
2025-01-14,Wheat,138772,220981,-82209
2025-01-21,Wheat,138911,211920,-73009
2025-01-28,Wheat,133872,224983,-91111
2025-02-04,Wheat,130876,198231,-67355
2025-02-11,Wheat,132148,188089,-55941
2025-02-18,Wheat,127440,164212,-36772
2025-02-25,Wheat,109657,171708,-62051
2025-03-04,Wheat,116367,201209,-84842
2025-03-11,Wheat,120935,199008,-78073
2025-03-18,Wheat,116964,193443,-76479
2025-03-25,Wheat,121763,204311,-82548
2025-04-01,Wheat,119598,222398,-102800
2025-04-08,Wheat,119544,211468,-91924
2025-04-15,Wheat,116030,204356,-88326
2025-04-22,Wheat,114514,208483,-93969
2025-04-29,Wheat,114740,231548,-116808
